id,sim_head_fine,sim_head_cmp,sim_fine_cmp,dist_head_fine,dist_head_cmp,dist_fine_cmp,relevance_gap_fine_minus_cmp,novelty_gap_fine_minus_cmp,relevance_mean,disagreement,diverse_but_relevant_score,delta_norm_fine,delta_norm_cmp,delta_alignment_fine_vs_cmp,odd_one_out,triangle_area,triangle_thinness
zh_0001,0.6896202340748386,0.7339314825311145,0.4808474881621937,0.3103797435760498,0.26606839895248413,0.5191525220870972,-0.044311248456275876,0.044311344623565674,0.7117758583029765,0.5191525220870972,0.36952023199869855,0.7878829429872963,0.7294772340092401,0.0996894341582277,fine,0.03239918515467206,0.02699165496544014
zh_0002,0.40657143082603747,0.5346133162326736,0.4445049334193799,0.5934284925460815,0.46538662910461426,0.555495023727417,-0.12804188540663614,0.12804186344146729,0.47059237352935557,0.555495023727417,0.26141172169963084,1.089429730798607,0.9647659651618382,0.478876087809399,fine,0.12180942055396571,0.0467419605932715
zh_0003,0.44176341268588626,0.5231907362037993,0.3336568386180268,0.5582365393638611,0.4768092632293701,0.6663431525230408,-0.08142732351791304,0.08142727613449097,0.4824770744448428,0.6663431525230408,0.32149529480567035,1.0566329422406948,0.9765339357095597,0.3573261658152115,fine,0.13095159450525662,0.04523801836340774
zh_0004,0.4876536644145937,0.5262356900898401,0.5187315678282071,0.5123463273048401,0.4737643003463745,0.48126840591430664,-0.03858202567524638,0.038582026958465576,0.5069446772522168,0.48126840591430664,0.24397645670791707,1.0122710462967972,0.9734108175998046,0.5123452082501381,fine,0.10322295383205532,0.04793929730425339
zh_0005,0.449121637106822,0.674652235349388,0.4394261061711647,0.5508783459663391,0.32534778118133545,0.5605738759040833,-0.225530598242566,0.22553056478500366,0.561886936228105,0.5605738759040833,0.3149791376612593,1.0496460002240544,0.8066570084622235,0.37280102721636893,fine,0.0864038740430348,0.04185434739247858
zh_0006,0.5768240461145899,0.4791220851613437,0.4239623471440317,0.42317599058151245,0.5208778977394104,0.5760376453399658,0.09770196095324624,-0.09770190715789795,0.5279730656379669,0.5760376453399658,0.30413236153301765,0.9199738625476377,1.02066440600097,0.3919299904307289,cmp,0.10615019815283284,0.04593897796093025
zh_0007,0.5447154278563213,0.4147342499420502,0.42159653398387464,0.4552844762802124,0.5852656960487366,0.5784034729003906,0.1299811779142711,-0.12998121976852417,0.47972483889918577,0.5784034729003906,0.27747451285586944,0.9542374674510311,1.0819110407588506,0.44764319363958704,cmp,0.1218779963210512,0.04650037741921852
zh_0008,0.5354488445440229,0.5114921678173061,0.5721555668772559,0.4645511507987976,0.48850786685943604,0.4278445243835449,0.023956676726716752,-0.023956716060638428,0.5234705061806645,0.4278445243835449,0.2239639897456799,0.9638995336195336,0.9884410272572602,0.5512571291550672,head,0.09094820097980755,0.04769440394931254
zh_0009,0.4426580407246992,0.5242667602743553,0.4718409144997251,0.557341992855072,0.47573322057724,0.5281590223312378,-0.08160871954965604,0.08160877227783203,0.48346240049952727,0.5281590223312378,0.25534502878174364,1.0557859245844308,0.9754314324704165,0.49028275358575485,fine,0.11582467771132214,0.04751874564350789
zh_0010,0.4211348310913775,0.47446762624506666,0.4374924193683336,0.578865110874176,0.5255323648452759,0.5625075101852417,-0.05333279515368916,0.053332746028900146,0.4478012286682221,0.5625075101852417,0.2518915541960537,1.0759787813043733,1.0252144885387968,0.49123880266601466,fine,0.1330510967004234,0.04788469961892242
zh_0011,0.40346856767920536,0.34611293601392046,0.41795095250860637,0.5965313911437988,0.6538870334625244,0.5820490121841431,0.0573556316652849,-0.057355642318725586,0.3747907518465629,0.5820490121841431,0.21814658688804422,1.0922741710035946,1.1435795241137192,0.5350797991378551,head,0.1602533473295868,0.047723751747811564
zh_0012,0.5013075092740952,0.591891230434066,0.533009198705723,0.49869245290756226,0.40810883045196533,0.4669908285140991,-0.09058372115997082,0.09058362245559692,0.5465993698540805,0.4669908285140991,0.2552568925934416,0.9986916348161777,0.90344758516024,0.48745123987897293,fine,0.08902534995911693,0.047170627411341634
zh_0013,0.5739906783680998,0.5027788323441015,0.463742105058356,0.4260093569755554,0.4972211718559265,0.5362578630447388,0.07121184602399833,-0.0712118148803711,0.5383847553561006,0.5362578630447388,0.288713058403127,0.9230485595372545,0.997217295934942,0.42040304966565795,cmp,0.09985981505928719,0.046880201220093544
zh_0014,0.3633983891831523,0.5489801744927666,0.42872585968854604,0.6366016268730164,0.4510197639465332,0.5712741613388062,-0.18558178530961428,0.18558186292648315,0.4561892818379595,0.5712741613388062,0.2606091493937326,1.128363071725451,0.9497576801555572,0.48181490242539055,fine,0.12501081169468403,0.045426522263178185
zh_0015,0.3655067140130238,0.3260500037193684,0.39601712154661783,0.6344932317733765,0.6739499568939209,0.6039828658103943,0.03945671029365544,-0.039456725120544434,0.3457783588661961,0.6039828658103943,0.2088442041232201,1.1264930412452407,1.1609909528335107,0.5386407902871532,head,0.17488659474328186,0.04781753869627934
zh_0016,0.6875623788802235,0.4415963876433767,0.47941071040319494,0.3124375343322754,0.5584036111831665,0.520589292049408,0.24596599123684681,-0.2459660768508911,0.5645793832618001,0.520589292049408,0.2939139814379519,0.7904905073684018,1.05679100332717,0.41927096478799464,cmp,0.08007581508506455,0.041359794223586606
zh_0017,0.34501091798545025,0.3814295727289634,0.4113601903465468,0.6549890637397766,0.6185704469680786,0.5886397957801819,-0.036418654743513135,0.036418616771698,0.3632202453572068,0.5886397957801819,0.21380589105029377,1.14454277509803,1.1122683374717062,0.5380195474142873,head,0.16587836816951051,0.04783408084354355
zh_0018,0.5901916182027473,0.5597113571244068,0.4976060835445748,0.4098083972930908,0.44028860330581665,0.502393901348114,0.030480261078340565,-0.03048020601272583,0.5749514876635771,0.502393901348114,0.2888521209732065,0.9053268821782032,0.938390795858094,0.4092789582593077,cmp,0.0859716110833569,0.04699875576743891
zh_0019,0.6910968893514275,0.7721527103757483,0.7268312335676994,0.3089030981063843,0.227847158908844,0.273168683052063,-0.08105582102432074,0.08105593919754028,0.7316247998635879,0.273168683052063,0.19985698306696545,0.7860065020705262,0.6750515382165302,0.49676624238092015,fine,0.030132541966815224,0.04593594549568299
zh_0020,0.4741411741693706,0.5790640071090667,0.49445847627763734,0.5258588194847107,0.4209359884262085,0.5055415034294128,-0.10492283293969606,0.1049228310585022,0.5266025906392187,0.5055415034294128,0.26621946538157426,1.025532862301964,0.9175358226150446,0.46893791794540046,fine,0.09897222496398209,0.046922262215063834
zh_0021,0.6504057537722825,0.5236689047956613,0.5031254790233426,0.34959423542022705,0.47633105516433716,0.49687451124191284,0.12673684897662119,-0.1267368197441101,0.5870373292839719,0.49687451124191284,0.2916838860687314,0.8361749173799911,0.9760441539237237,0.4031775834822211,cmp,0.07924232072333288,0.0452865194378484
zh_0022,0.4907203835146303,0.5035339241808037,0.5871226645127232,0.5092796087265015,0.49646610021591187,0.4128773808479309,-0.01281354066617335,0.0128135085105896,0.497127153847717,0.4128773808479309,0.2052525572290318,1.0092369558090604,0.9964598093442564,0.5895292252205194,head,0.09461597974785302,0.0470143506775629
zh_0023,0.3958717122074158,0.5741581638469037,0.43270890411314417,0.6041283011436462,0.42584192752838135,0.5672911405563354,-0.17828645163948786,0.1782863736152649,0.4850149380271597,0.5672911405563354,0.2751446773802878,1.099207248695699,0.9228670935222428,0.4561010480785827,fine,0.11574221802150066,0.0453669752448699
zh_0024,0.7444472305032992,0.4917420741453336,0.5035029175403992,0.25555264949798584,0.5082579255104065,0.49649709463119507,0.2527051563579656,-0.25270527601242065,0.6180946523243164,0.49649709463119507,0.3068821990861017,0.714916455953702,1.00822410787946,0.3708588985816567,cmp,0.0620151592761369,0.03904313703878755
zh_0025,0.39087932673384235,0.5412300050932954,0.38840004825127594,0.6091206669807434,0.45876991748809814,0.6115999817848206,-0.1503506783594531,0.15035074949264526,0.4660546659135689,0.6115999817848206,0.2850390251834694,1.1037397095929438,0.9578830773186303,0.4315811465854871,fine,0.12974207175762012,0.04599659583098931
zh_0026,0.588063060732999,0.5305510162904828,0.7263257015648048,0.41193687915802,0.46944892406463623,0.2736741900444031,0.05751204444251612,-0.05751204490661621,0.5593070385117409,0.2736741900444031,0.15306790075083446,0.9076749850767087,0.9689674749025552,0.6909680679949285,head,0.056042436341866654,0.04200567070185266
zh_0027,0.5383442505138067,0.5617353320486399,0.5604040494458169,0.46165573596954346,0.4382646083831787,0.43959593772888184,-0.023391081534833158,0.023391127586364746,0.5500397912812234,0.43959593772888184,0.24179525783646783,0.9608909922422972,0.9362314542369963,0.5116897398790212,fine,0.08617553429309557,0.048027279958401864
zh_0028,0.30448494951656324,0.4242245556381198,0.48955529878518117,0.6955150365829468,0.5757753849029541,0.510444700717926,-0.11973960612155654,0.11973965167999268,0.3643547525773415,0.510444700717926,0.18598295263449507,1.1794193914663578,1.073103391441738,0.6011554829937346,head,0.14443358792790875,0.04549691166987181
zh_0029,0.4917687653166508,0.4672628683654006,0.42425898057200445,0.5082311630249023,0.532737135887146,0.5757409930229187,0.024505896951250217,-0.024505972862243652,0.47951581684102573,0.5757409930229187,0.2760769125582482,1.008197634081086,1.0322181277565317,0.44704174491784,cmp,0.1247159391699982,0.04771534768227735
zh_0030,0.5148611521273432,0.6954728753222231,0.5561936980846038,0.4851388931274414,0.3045271635055542,0.4438062906265259,-0.18061172319487995,0.1806117296218872,0.6051670137247831,0.4438062906265259,0.2685769275707279,0.9850267487461003,0.7804192779240868,0.449908202090707,fine,0.06619587211344898,0.04350829584393797
zh_0031,0.35627005786012284,0.5880636588383061,0.4537351645535905,0.6437299251556396,0.41193634271621704,0.5462648272514343,-0.2317936009781833,0.2317935824394226,0.47216685834921446,0.5462648272514343,0.2579281473099861,1.1346628945549224,0.9076743261343176,0.4946104304781283,fine,0.11170910681334656,0.04353122776037708
zh_0032,0.6077728008401962,0.4016483265499314,0.4519456132084406,0.3922271728515625,0.5983516573905945,0.5480543971061707,0.20612447429026487,-0.20612448453903198,0.5047105636950638,0.5480543971061707,0.27660884369901373,0.8856943029734399,1.0939393707606184,0.45673069750217227,cmp,0.10475672691238042,0.04424984020184409
zh_0033,0.38027000875450057,0.5962159872865483,0.44820846486381416,0.6197299957275391,0.403783917427063,0.5517914891242981,-0.21594597853204778,0.21594607830047607,0.48824299802052445,0.5517914891242981,0.2694083309322569,1.113310371141399,0.8986478873434817,0.47149897218809694,fine,0.10943134974241309,0.04409732355621783
zh_0034,0.6408636295143195,0.716828503270329,0.591223526800881,0.35913634300231934,0.2831714153289795,0.40877652168273926,-0.07596487375600947,0.07596492767333984,0.6788460663923243,0.40877652168273926,0.2774963337778642,0.8475097291307991,0.7525576346429175,0.36615149635197786,fine,0.04974913921567146,0.04503088570232879
zh_0035,0.3356548810805209,0.5772629872824133,0.3951058056844139,0.6643451452255249,0.4227370619773865,0.60489422082901,-0.24160810620189244,0.24160808324813843,0.4564589341814671,0.60489422082901,0.2761093713321389,1.1526882656811246,0.919496615238563,0.4549402214203376,fine,0.12522292417497824,0.043741656367538496
zh_0036,0.40969039825569764,0.47617734886146895,0.3826456938192563,0.5903096199035645,0.5238226652145386,0.6173542737960815,-0.06648695060577131,0.06648695468902588,0.44293387355858327,0.6173542737960815,0.27344711985044456,1.0865630232474346,1.0235454568689475,0.44668385097232016,fine,0.14230884623469803,0.04746720373843748
zh_0037,0.6395322757826021,0.41575731527810783,0.48580916007053754,0.36046767234802246,0.5842427015304565,0.5141907930374146,0.22377496050449425,-0.22377502918243408,0.5276447955303549,0.5141907930374146,0.27131009585581767,0.8490791767761098,1.080965017678086,0.4690650416556152,cmp,0.0917228659937668,0.04309489957573226
zh_0038,0.6868311983727411,0.6365779782557464,0.7230573572800923,0.3131687641143799,0.3634220361709595,0.2769426107406616,0.050253220116994735,-0.05025327205657959,0.6617045883142437,0.2769426107406616,0.18325419622682135,0.7914149374724473,0.8525514902271343,0.5923153386625867,head,0.04203067396003827,0.0462268737743888
zh_0039,0.5731120214787643,0.44297963097633697,0.4073761649667871,0.42688798904418945,0.5570203065872192,0.5926238298416138,0.1301323905024273,-0.13013231754302979,0.5080458262275507,0.5926238298416138,0.3010800632740181,0.9239999767545837,1.0554812826608178,0.40120853372185106,cmp,0.11352343014055905,0.04567513662701138
zh_0040,0.4277471223715932,0.7295411168897399,0.5079459139254794,0.5722528696060181,0.27045881748199463,0.4920540452003479,-0.3017939945181467,0.30179405212402344,0.5786441196306665,0.4920540452003479,0.2847241797956635,1.069815757622224,0.7354711185495464,0.4456652121262516,fine,0.06647014547201206,0.037309251170114986
zh_0041,0.6731348653751679,0.5448001850114561,0.6431223828452164,0.3268650770187378,0.45519983768463135,0.35687756538391113,0.12833468036371176,-0.12833476066589355,0.608967525193312,0.35687756538391113,0.21732684778885475,0.808535880001416,0.9541486414480125,0.5511438729815947,cmp,0.057933632553323795,0.04466086985061403
zh_0042,0.7821429648226743,0.5494836565896106,0.5301270920888619,0.2178570032119751,0.45051634311676025,0.46987295150756836,0.2326593082330637,-0.23265933990478516,0.6658133107061425,0.46987295150756836,0.3128476654545208,0.6600864112785932,0.9492274157549278,0.3168038680022618,cmp,0.0485111720808715,0.03744288248719347
zh_0043,0.5711428679238058,0.32656276632459086,0.44004729139628207,0.42885708808898926,0.673437237739563,0.5599526762962341,0.2445801015992149,-0.24458014965057373,0.44885281712419833,0.5599526762962341,0.251336336211799,0.9261286434142871,1.1605492093620238,0.504589358688637,cmp,0.11956610442014795,0.043272995844393224
zh_0044,0.31991306474695574,0.44281796061333356,0.41979964322297464,0.6800869107246399,0.5571820139884949,0.5802003145217896,-0.12290489586637782,0.12290489673614502,0.3813655126801446,0.5802003145217896,0.22126839040478344,1.16626492295108,1.05563444372251,0.5337033876598747,fine,0.15491286524773165,0.04689789483168167
zh_0045,0.3704351891097122,0.41161941259905355,0.40719326140871925,0.6295647621154785,0.5883805751800537,0.5928066968917847,-0.041184223489341365,0.041184186935424805,0.39102730085438286,0.5928066968917847,0.23180360261399682,1.1221094517829253,1.0847862346111763,0.5135668361379746,fine,0.15729690161351845,0.04797358838967618
zh_0046,0.48024008044857136,0.6670031765262558,0.5527278470755915,0.5197598934173584,0.33299684524536133,0.44727206230163574,-0.1867630960776845,0.18676304817199707,0.5736216284874136,0.44727206230163574,0.2565649287543882,1.0195684572910524,0.8160843381339254,0.48732974466861567,fine,0.07376863553041332,0.04364814616069989
zh_0047,0.4335467313571265,0.5422516745418513,0.4154543988625034,0.5664532780647278,0.45774829387664795,0.5845456123352051,-0.10870494318472479,0.10870498418807983,0.4878992029494889,0.5845456123352051,0.2851993383459675,1.0643808234301042,0.9568158918602356,0.4317054944031201,fine,0.12075810155709713,0.046659564103699994
zh_0048,0.48897402733230083,0.4962937486715085,0.5714197925888587,0.5110259056091309,0.5037062168121338,0.4285801649093628,-0.007319721339207663,0.00731968879699707,0.49263388800190466,0.4285801649093628,0.21113311295979686,1.0109658477591605,1.0036994085168045,0.5776570933688668,head,0.09853578747942175,0.047301332361863624
zh_0049,0.593889952818129,0.7064971418172772,0.6000849091126621,0.4061100482940674,0.29350292682647705,0.39991509914398193,-0.11260718899914823,0.11260712146759033,0.6501935473177031,0.39991509914398193,0.26002221693833655,0.9012325417802785,0.7661629828994908,0.4340357934474762,fine,0.05507001499095567,0.04555148600560647
zh_0050,0.47283613894642434,0.614533809151891,0.47347395825832317,0.5271638631820679,0.3854660987854004,0.5265260338783264,-0.1416976702054667,0.14169776439666748,0.5436849740491577,0.5265260338783264,0.28626429306534384,1.026804617299295,0.8780275517865131,0.4282608311015641,fine,0.0945018928910712,0.045627299442503017
zh_0051,0.3591516032139341,0.42949754797257594,0.4145377740128851,0.6408483982086182,0.5705024003982544,0.585462212562561,-0.07034594475864187,0.07034599781036377,0.394324575593255,0.585462212562561,0.23086213849461992,1.132120485448493,1.0681783109831653,0.5175599386888403,fine,0.15409232269646614,0.04772821957267557
zh_0052,0.4244914469277182,0.7805186775330254,0.3863756801998667,0.5755084753036499,0.2194812297821045,0.6136243343353271,-0.3560272306053072,0.3560272455215454,0.6025050622303718,0.6136243343353271,0.36971176774477676,1.0728546528512437,0.6625425608471869,0.2551526833175307,fine,0.0631526427197642,0.03182786474005963
zh_0053,0.6914354683478354,0.3794100526782047,0.44650860178661955,0.3085644841194153,0.6205899715423584,0.5534914135932922,0.3120254156696307,-0.3120254874229431,0.5354227605130201,0.5534914135932922,0.29635190058637423,0.7855756254520176,1.1140825349333816,0.4292330456553704,cmp,0.08529501778859076,0.038801525481312375
zh_0054,0.5196697867735631,0.5190968519749957,0.5206396910763,0.4803301692008972,0.48090314865112305,0.47936028242111206,0.0005729347985674593,-0.0005729794502258301,0.5193833193742794,0.47936028242111206,0.24897173466006922,0.9801328616329901,0.9807172355220487,0.5013071303484342,head,0.09984786866737226,0.048112268750753105
zh_0055,0.8014827420143578,0.32337554292610204,0.37450348066193595,0.19851720333099365,0.6766244173049927,0.625496506690979,0.4781071990882557,-0.478107213973999,0.5624291424702299,0.625496506690979,0.35179746387633176,0.6301067496633288,1.1632922737419844,0.34058085962570045,cmp,0.06171334369124878,0.027404830763387122
zh_0056,0.612175345165646,0.7401520262874974,0.6358219702903714,0.3878246545791626,0.2598479986190796,0.36417800188064575,-0.12797668112185145,0.127976655960083,0.6761636857265717,0.36417800188064575,0.2462439400121558,0.8807095489823575,0.7208994017371672,0.4465164043283856,fine,0.04565229719537863,0.04458921242113013
zh_0057,0.654369414803497,0.6332624957774209,0.6604228765018274,0.3456305265426636,0.3667374849319458,0.3395770788192749,0.021106919026076087,-0.021106958389282227,0.643815955290459,0.3395770788192749,0.21862514139477496,0.8314211750929881,0.8564315550265286,0.5235421325904648,head,0.053059972624029124,0.04794914633485902
zh_0058,0.7737385203256817,0.5345967752065444,0.5394979898363768,0.2262614369392395,0.4654032588005066,0.460502028465271,0.23914174511913733,-0.2391418218612671,0.654167647766113,0.460502028465271,0.3012455287526499,0.6726982676866625,0.9647831101273032,0.35617853762874235,cmp,0.0507744008760829,0.03824847738160615
zh_0059,0.5532956099966853,0.8016923811577823,0.6062901788383966,0.4467043876647949,0.1983075737953186,0.39370977878570557,-0.24839677116109704,0.24839681386947632,0.6774939955772338,0.39370977878570557,0.2667360111273565,0.9452030363930441,0.6297739576105345,0.4221691202510633,fine,0.039016067703871636,0.03616138479581766
zh_0060,0.5886867569272413,0.605315662584645,0.6608525653109958,0.4113132953643799,0.3946843147277832,0.3391474485397339,-0.016628905657403714,0.01662898063659668,0.5970012097559432,0.3391474485397339,0.2024714370638626,0.9069875887494367,0.8884642225946469,0.5793435958981674,head,0.06191913733623397,0.04721759798592889
zh_0061,0.7240968061384014,0.6379196017198084,0.5816094240389293,0.27590322494506836,0.36208033561706543,0.41839057207107544,0.086177204418593,-0.08617711067199707,0.681008203929105,0.41839057207107544,0.28492741202699384,0.7428367167306663,0.8509763783797898,0.3473822766950996,cmp,0.04929767652731577,0.04417646234311188
zh_0062,0.7306749413139522,0.7166505941739201,0.6370784717275175,0.26932501792907715,0.28334933519363403,0.36292147636413574,0.01402434714003209,-0.014024317264556885,0.7236627677439361,0.36292147636413574,0.26263276005938596,0.7339278693251097,0.7527940034645331,0.3434464047861095,cmp,0.03778977126682713,0.045078208879081656
zh_0063,0.5773687254415805,0.7236447544218153,0.6035645499880635,0.42263126373291016,0.2763553261756897,0.39643537998199463,-0.14627602898023484,0.14627593755722046,0.6505067399316979,0.39643537998199463,0.25788388662567124,0.9193816123443179,0.7434450155568788,0.44264343324568634,fine,0.053030175995285075,0.04419368080266049
zh_0064,0.7415181810346078,0.7655985663743983,0.7871693391229845,0.2584817409515381,0.23440134525299072,0.21283066272735596,-0.02408038533979051,0.024080395698547363,0.7535583737045031,0.21283066272735596,0.16038032807927796,0.7190018344418767,0.6846918045742938,0.5688718819612838,head,0.023502302913016734,0.04719035694020022
zh_0065,0.40066217784774494,0.7391263532767471,0.4744218768781314,0.5993377566337585,0.26087361574172974,0.5255780816078186,-0.3384641754290022,0.3384641408920288,0.5698942655622461,0.5255780816078186,0.29952393481350204,1.0948404652297565,0.7223207690815108,0.4231440833359017,fine,0.06845320112024673,0.03564505245659804
zh_0066,0.5561905552424179,0.6869504154623902,0.6011167782265686,0.443809449672699,0.3130496144294739,0.39888322353363037,-0.13075986021997232,0.1307598352432251,0.621570485352404,0.39888322353363037,0.2479340388507301,0.9421352819606978,0.7912642852266359,0.4801963401968985,fine,0.06059773079706966,0.045366403728625014
zh_0067,0.9038190578508939,0.6946252840381569,0.7229781144152652,0.09618091583251953,0.3053746819496155,0.2770218253135681,0.20919377381273696,-0.20919376611709595,0.7992221709445254,0.2770218253135681,0.22140198462612498,0.4385907936769894,0.7815045949472627,0.3633256819004891,cmp,0.013197826651104087,0.028661809650010948
zh_0068,0.5656450768044139,0.655246509383995,0.5935785858126748,0.43435484170913696,0.3447535037994385,0.40642136335372925,-0.08960143257958109,0.08960133790969849,0.6104457930942044,0.40642136335372925,0.2480982114828951,0.9320460537930367,0.8303655708373333,0.4815457316583823,fine,0.06587572834368353,0.046870603619455574
zh_0069,0.6961745621181809,0.46529450095516145,0.49500142958904136,0.30382537841796875,0.5347054600715637,0.504998505115509,0.2308800611630194,-0.23088008165359497,0.5807345315366712,0.504998505115509,0.29327007029497437,0.7795196442448635,1.0341232992683593,0.4137505630220033,cmp,0.07516311202337453,0.041639973152843186
zh_0070,0.4838121147705499,0.6231769668452674,0.4596570105726494,0.516187846660614,0.3768230080604553,0.5403429269790649,-0.13936485207471744,0.1393648386001587,0.5534945408079086,0.5403429269790649,0.29907686024707886,1.0160589404453362,0.8681279089566614,0.3998189253232505,fine,0.09279426289445455,0.04516628110339091
zh_0071,0.5243390441800737,0.5596835894215335,0.6008089685143394,0.47566092014312744,0.44031643867492676,0.3991910219192505,-0.0353445452414598,0.035344481468200684,0.5420113168008036,0.3991910219192505,0.2163660514455114,0.9753573251069849,0.9384203861580013,0.564611653408518,head,0.08195169823029888,0.04738001998321827
zh_0072,0.5656238867753571,0.7025651940121538,0.5974385289570214,0.4343760013580322,0.2974346876144409,0.4025615453720093,-0.13694130723679665,0.1369413137435913,0.6340945403937555,0.4025615453720093,0.25526207809286416,0.9320687884750175,0.7712779083933967,0.45800075964972237,fine,0.05783724269731271,0.04494655443312896
zh_0073,0.6344249275430458,0.6153349038226313,0.5769016128667809,0.36557507514953613,0.38466501235961914,0.4230983853340149,0.019090023720414462,-0.019089937210083008,0.6248799156828386,0.4230983853340149,0.2643856833530644,0.8550731810283305,0.8771146973769948,0.436190638800689,cmp,0.06546640257035719,0.04755233579906836
zh_0074,0.5219332121132533,0.4733878651027669,0.39790067298329346,0.47806674242019653,0.5266121029853821,0.6020992994308472,0.04854534701048635,-0.04854536056518555,0.4976605386080101,0.6020992994308472,0.29964106165026094,0.9778208300979755,1.0262671532278849,0.40117332293281943,cmp,0.12066900371410598,0.04673948203837664
zh_0075,0.6926424427992679,0.4659363711432259,0.49512652316596245,0.3073575496673584,0.5340636372566223,0.504873514175415,0.226706071656042,-0.22670608758926392,0.5792894069712469,0.504873514175415,0.29246787862216556,0.7840376996047219,1.0335024226936034,0.4153346783364745,cmp,0.07591320073640126,0.04188292750716337
zh_0076,0.6706891186413367,0.667474792562057,0.6300673753664974,0.32931089401245117,0.3325251340866089,0.36993253231048584,0.003214326079279739,-0.003214240074157715,0.6690819556016969,0.36993253231048584,0.2475151821589878,0.811555150755219,0.8155062322728659,0.4410561946961132,cmp,0.050752440792447825,0.04767518127176572
zh_0077,0.6228623972107977,0.6501035549807992,0.6464802952354277,0.37713754177093506,0.3498964309692383,0.3535196781158447,-0.027241157770001467,0.027241110801696777,0.6364829760957984,0.3535196781158447,0.22500925683560155,0.8684901873817594,0.8365362455018918,0.5141118387075355,fine,0.055980551427587864,0.04794513016830025
zh_0078,0.6230357927181707,0.6228847371244138,0.48570638901857016,0.3769642114639282,0.3771151900291443,0.5142935514450073,0.00015105559375683253,-0.00015097856521606445,0.6229602649212922,0.5142935514450073,0.32038444705549396,0.8682905127684273,0.8684644642995883,0.31798487225345506,cmp,0.07090654604351027,0.04407500658680589
zh_0079,0.48984044675615945,0.6015650440949831,0.5254726078480023,0.5101595520973206,0.39843493700027466,0.47452735900878906,-0.11172459733882367,0.1117246150970459,0.5457027454255713,0.47452735900878906,0.2589508825906419,1.0101084627344146,0.8926757036068775,0.4813878920936782,fine,0.08933592119311572,0.04669874795839347
zh_0080,0.6179936739516947,0.7332711129759744,0.6137435041597851,0.38200628757476807,0.26672887802124023,0.38625645637512207,-0.11527743902427967,0.11527740955352783,0.6756323934638345,0.38625645637512207,0.2609673741115829,0.8740781727606576,0.7303819371041778,0.4111438472169596,fine,0.04803673198882593,0.04484352931034235
zh_0081,0.5011380949426248,0.611085277530431,0.5331479636706912,0.4988618493080139,0.38891470432281494,0.46685194969177246,-0.10994718258780611,0.10994714498519897,0.5561116862365278,0.46685194969177246,0.25962182496590225,0.9988612566892117,0.881946395728867,0.47781187694794397,fine,0.08565263966442911,0.04667672024648645
zh_0082,0.8728760666819138,0.45134374648839765,0.4907396609776513,0.1271238923072815,0.5486562848091125,0.509260356426239,0.4215323201935161,-0.42153239250183105,0.6621099065851557,0.509260356426239,0.3371863270209002,0.5042299739565006,1.0475268526501866,0.3152624032815313,cmp,0.0317347513095227,0.022597931537674018
zh_0083,0.36708084646115147,0.6320681646870457,0.3949114583227038,0.6329191327095032,0.3679317831993103,0.6050885319709778,-0.2649873182258943,0.26498734951019287,0.4995745055740986,0.6050885319709778,0.3022868041879584,1.1250947991514748,0.8578249650283604,0.41005941184198524,fine,0.10841877212806782,0.04203839748096459
zh_0084,0.6372438394370288,0.5494436909869336,0.5375795499207132,0.3627561330795288,0.4505563974380493,0.4624204635620117,0.0878001484500952,-0.08780026435852051,0.5933437652119812,0.4624204635620117,0.2743742989609538,0.8517701104910538,0.9492695181170268,0.4339718497918465,cmp,0.07594002682050227,0.04666069150237472
zh_0085,0.7679177557268614,0.6724787884747122,0.6512215073838732,0.23208224773406982,0.32752126455307007,0.3487784266471863,0.09543896725214918,-0.09543901681900024,0.7201982721007868,0.3487784266471863,0.2511896202173346,0.6812961826887602,0.8093469114357419,0.38234143325662645,cmp,0.03670156454838136,0.044478240291159925
zh_0086,0.7001381980247285,0.5245365668957507,0.49955276534255927,0.2998617887496948,0.4754634499549866,0.5004472732543945,0.17560163112897786,-0.17560166120529175,0.6123373824602396,0.5004472732543945,0.30644257336396025,0.7744182358070751,0.9751547908965523,0.36399117399874326,cmp,0.06937838107219388,0.04262630424784068
zh_0087,0.48333629351240237,0.402740534292806,0.46295629709585534,0.5166637301445007,0.5972594022750854,0.5370436906814575,0.08059575921959639,-0.08059567213058472,0.4430384139026042,0.5370436906814575,0.23793098491591372,1.0165271334180885,1.092940497655013,0.5192417309755728,cmp,0.12954327103374366,0.04752675545397872
zh_0088,0.5811689470841069,0.7352636177811431,0.45909231524800653,0.4188309907913208,0.2647362947463989,0.5409077405929565,-0.1540946706970362,0.15409469604492188,0.658216282432625,0.5409077405929565,0.3560342821521265,0.915238824477953,0.7276487919578465,0.21421269865057654,fine,0.05417627128083032,0.03613343482870403
zh_0089,0.5216136846830095,0.5551504533654025,0.5010388206658973,0.4783862829208374,0.44484955072402954,0.4989611506462097,-0.03353676868239297,0.03353673219680786,0.538382069024206,0.4989611506462097,0.2686317366476049,0.978147550543363,0.9432386194750483,0.45985527385568903,fine,0.0966778468009922,0.047797750999151935
zh_0090,0.46686871377404027,0.5936802006492174,0.5443116131466373,0.5331312417984009,0.4063197374343872,0.45568835735321045,-0.12681148687517718,0.12681150436401367,0.5302744572116289,0.45568835735321045,0.24163989635313246,1.0325999091864762,0.9014652509673151,0.5196983109434867,fine,0.08989375515274618,0.046184298841300334
zh_0091,0.6500788520152401,0.45400333160507744,0.3883114103490681,0.3499211072921753,0.5459966659545898,0.611688494682312,0.19607552041016263,-0.19607555866241455,0.5520410918101588,0.611688494682312,0.33767718445213607,0.8365657750407435,1.0449848500288628,0.325131199499228,cmp,0.09482113987084756,0.04171855938211548
zh_0092,0.5392133963669388,0.7166647132030467,0.5055392374322021,0.4607865810394287,0.28333520889282227,0.4944608211517334,-0.17745131683610793,0.17745137214660645,0.6279390547849928,0.4944608211517334,0.3104912606622308,0.9599860453496829,0.7527752477292987,0.3454782234218647,fine,0.0641608617644413,0.04182348627940026
zh_0093,0.5891416163686081,0.5579107111931978,0.5137622584668936,0.4108583927154541,0.442089319229126,0.4862377643585205,0.031230905175410273,-0.031230926513671875,0.5735261637809029,0.4862377643585205,0.2788700796779449,0.9064859443272038,0.9403077036872576,0.43022099727303376,cmp,0.08501052930920588,0.047401409842190406
zh_0094,0.9894464181579812,0.6284428628081413,0.6437161825971278,0.010553598403930664,0.3715571165084839,0.3562837839126587,0.36100355534983986,-0.3610035181045532,0.8089446404830613,0.3562837839126587,0.2882138574871704,0.14528304678812048,0.8620407614398045,0.2062194230753857,cmp,0.0,0.0
zh_0095,0.5727502874930137,0.5661891961290919,0.5392916511822704,0.4272496700286865,0.4338107705116272,0.4607083201408386,0.0065610913639218005,-0.006561100482940674,0.5694697418110528,0.4607083201408386,0.26235944812080725,0.9243913808630915,0.9314620806784442,0.4649659145704595,cmp,0.08377623272648818,0.04795234611714846
zh_0096,0.6436964604073381,0.5559311637395186,0.7016333210243572,0.35630345344543457,0.4440687894821167,0.2983666658401489,0.08776529666781951,-0.08776533603668213,0.5998138120734283,0.2983666658401489,0.17896444723321847,0.8441605766590407,0.9424105647333134,0.631020449096251,head,0.052946832583955133,0.043858217441029045
zh_0097,0.5748564370288809,0.5807699219806759,0.4821311205510474,0.4251435399055481,0.4192301034927368,0.5178688764572144,-0.0059134849517950006,0.005913436412811279,0.5778131795047784,0.5178688764572144,0.29923146207231033,0.92211014848674,0.915674699900924,0.38669228066926176,fine,0.08633829805431387,0.046525882512342236
zh_0098,0.4830756561076346,0.6245711916197706,0.4978891661309327,0.5169243812561035,0.37542879581451416,0.5021108388900757,-0.141495535512136,0.14149558544158936,0.5538234238637025,0.5021108388900757,0.27808074395317767,1.0167835009404567,0.8665204075845298,0.4429218215759643,fine,0.0888470656070809,0.04569076874638118
zh_0099,0.661479904539259,0.5241493784793152,0.31942432253991826,0.3385201692581177,0.47585058212280273,0.6805756688117981,0.13733052605994378,-0.13733041286468506,0.5928146415092871,0.6805756688117981,0.40345522112660936,0.8228245201265466,0.9755517633838656,0.1666796073561819,cmp,0.07452853567066346,0.033348118282490194
zh_0100,0.6524666075775047,0.6633841762106493,0.6444687825580975,0.3475334048271179,0.33661580085754395,0.3555312156677246,-0.010917568633144525,0.010917603969573975,0.6579253918940771,0.3555312156677246,0.23391301439876536,0.8337066539526898,0.8205069454786482,0.48039205613225144,fine,0.051928823850890156,0.04804063673155235
zh_0201,0.6968525553106835,0.5894299940907514,0.5207169677160693,0.30314743518829346,0.41057002544403076,0.4792829751968384,0.1074225612199321,-0.1074225902557373,0.6431412747007175,0.4792829751968384,0.308246663610447,0.7786494008079851,0.9061677614098275,0.3322544540646356,cmp,0.061754856880666904,0.04339002645346968
zh_0202,0.5581660175365295,0.38528322347736005,0.3588479947526988,0.4418339133262634,0.6147167682647705,0.641152024269104,0.17288279405916945,-0.17288285493850708,0.47172462050694475,0.641152024269104,0.3024471953356025,0.9400361508617322,1.1087982472232176,0.39853650048133815,cmp,0.12962019265395278,0.04497274339622866
zh_0203,0.6084079464397927,0.5885719127448814,0.6498257623117082,0.39159202575683594,0.4114280939102173,0.35017430782318115,0.01983603369491127,-0.019836068153381348,0.598489929592337,0.35017430782318115,0.20957579683414104,0.8849768963766309,0.9071142014709261,0.5641005769912203,head,0.0631615574676606,0.04749498559534146
zh_0204,0.5893611300394531,0.6774065775748785,0.5422803266704244,0.41063880920410156,0.32259345054626465,0.457719624042511,-0.08804544753542543,0.08804535865783691,0.6333838538071659,0.457719624042511,0.2899122194392127,0.9062437530383832,0.8032352363101636,0.3784893968486578,fine,0.0643235966648558,0.04535048005973018
zh_0205,0.5941855255599605,0.49216125611388795,0.5114550135689779,0.4058144688606262,0.5078387260437012,0.4885450601577759,0.10202426944607257,-0.10202425718307495,0.5431733908369243,0.4885450601577759,0.2653646769025283,0.9009045170716365,1.0078082594284612,0.468212320085457,cmp,0.09221812844648485,0.046902658459033984
zh_0206,0.48572510867714114,0.5566596510668789,0.5427017597795825,0.5142748355865479,0.44334036111831665,0.45729827880859375,-0.07093454238973773,0.0709344744682312,0.52119237987201,0.45729827880859375,0.23834037824362492,1.0141744340327845,0.9416372432451059,0.523900694591084,fine,0.09502511947920879,0.04746556543154013
zh_0207,0.5107004119751009,0.5533808606131772,0.5451113735962542,0.4892995357513428,0.4466191530227661,0.45488864183425903,-0.042680448638076296,0.04268038272857666,0.532040636294139,0.45488864183425903,0.24201924244447587,0.98924171770594,0.945112839175115,0.5145009343647164,fine,0.09260716927315606,0.047875207263987626
zh_0208,0.7406194501460206,0.6352513542978735,0.668754079719384,0.259380578994751,0.36474865674972534,0.33124589920043945,0.1053680958481471,-0.10536807775497437,0.687935402221947,0.33124589920043945,0.22787578090082483,0.7202507200329334,0.8541061359130103,0.4761009297529268,cmp,0.04152980765545236,0.04550006863938031
zh_0209,0.49575461941948534,0.5004988291055915,0.3228139537402081,0.5042453408241272,0.49950110912323,0.6771860122680664,-0.004744209686106171,0.004744231700897217,0.49812672426253846,0.6771860122680664,0.3373244500075031,1.0042364070083447,0.9995010464170699,0.3253452302749345,fine,0.1254279275142071,0.044390876225650876
zh_0210,0.27827293056925784,0.355083034370802,0.5569718472219358,0.7217270731925964,0.6449169516563416,0.44302815198898315,-0.07681010380154418,0.07681012153625488,0.31667798247002993,0.44302815198898315,0.14029726134929696,1.201438362489514,1.1357085591199862,0.6768976377266531,head,0.14102290101558615,0.043061566619939436
zh_0211,0.6328896079454709,0.779924687030374,0.5298016972974322,0.36711037158966064,0.22007536888122559,0.47019827365875244,-0.1470350790849031,0.14703500270843506,0.7064071474879224,0.47019827365875244,0.33215142124902486,0.8568668415273508,0.6634384869294605,0.20579039400002622,fine,0.03927007320755265,0.03512337416877782
zh_0212,0.5119973913697063,0.6337671752821635,0.4185730907644183,0.48800259828567505,0.36623281240463257,0.5814269185066223,-0.12176978391245719,0.12176978588104248,0.5728822833259349,0.5814269185066223,0.3330891806612361,0.9879297633235813,0.8558420703819564,0.3226548780016475,fine,0.08895093528710012,0.04315646948660805
zh_0213,0.5361022848049571,0.5398975779695039,0.5550081726606954,0.463897705078125,0.460102379322052,0.4449918270111084,-0.0037952931645467425,0.003795325756072998,0.5379999313872306,0.4449918270111084,0.2394055723998547,0.9632213818173294,0.9592730810676339,0.5184115579288368,head,0.09008410906147704,0.04806693425771786
zh_0214,0.37824482193795056,0.5617564961811905,0.3834021916456026,0.6217551827430725,0.4382435083389282,0.6165977716445923,-0.18351167424323994,0.1835116744041443,0.47000065905957056,0.6165977716445923,0.28980135904762094,1.1151279550455626,0.9362088483012856,0.4247164670322331,fine,0.12688620142566842,0.04513955829593351
zh_0215,0.6038536102989891,0.5370739627397542,0.6478362264182047,0.39614635705947876,0.4629260301589966,0.35216373205184937,0.06677964755923493,-0.06677967309951782,0.5704637865193716,0.35216373205184937,0.20089665606109136,0.8901082964460117,0.9622120735682398,0.5918559991909024,head,0.06773479222329899,0.04616939427103986
zh_0216,0.5413307377401024,0.7073114571986828,0.4920797707835942,0.45866918563842773,0.2926884889602661,0.5079202055931091,-0.1659807194585804,0.16598069667816162,0.6243210974693927,0.5079202055931091,0.31710530018276945,0.9577779098098859,0.7650993958974439,0.33220406268782954,fine,0.06644574403541303,0.041900964428811124
zh_0217,0.43387233485236393,0.5231138652869612,0.36786333333151766,0.5661276578903198,0.47688615322113037,0.6321366429328918,-0.08924153043459732,0.08924150466918945,0.4784931000696626,0.6321366429328918,0.3024730219445888,1.0640748706248404,0.9766126506584265,0.3953824964846635,fine,0.1297963231975467,0.04625458101780671
zh_0218,0.43578052530058564,0.546586124982676,0.42149435074054215,0.5642194747924805,0.45341384410858154,0.5785056352615356,-0.11080559968209036,0.11080563068389893,0.4911833251416308,0.5785056352615356,0.28415232154093256,1.062280071072986,0.952275039069411,0.4340996131151515,fine,0.11883986256491486,0.04664668089267342
zh_0219,0.5652949151363799,0.704032664791142,0.6516833670760817,0.4347050189971924,0.29596734046936035,0.34831660985946655,-0.13873774965476215,0.13873767852783203,0.6346637899637609,0.34831660985946655,0.22106393972073773,0.9324216694860961,0.7693729072548076,0.5329892146382338,fine,0.05130324317202444,0.04406672857220997
zh_0220,0.5521967089057259,0.6174599195464816,0.658624972931314,0.447803258895874,0.3825399875640869,0.3413749933242798,-0.06526321064075569,0.06526327133178711,0.5848283142261037,0.3413749933242798,0.19964576186478594,0.9463649307685421,0.8746886079668792,0.5907022640559003,head,0.06340718594155273,0.04618405889229057
zh_0221,0.6532080336290012,0.6295474497560196,0.5131204105150208,0.34679198265075684,0.3704524636268616,0.48687952756881714,0.023660583872981533,-0.023660480976104736,0.6413777416925104,0.48687952756881714,0.3122736918684043,0.8328168662689278,0.8607584449123699,0.3213553648297681,cmp,0.0640312347382646,0.04416207492085473
zh_0222,0.621819178471374,0.30331328459960677,0.37228957350294045,0.37818074226379395,0.6966867446899414,0.6277104020118713,0.31850589387176725,-0.31850600242614746,0.46256623153549037,0.6277104020118713,0.290357635154259,0.8696905444221249,1.180412398613631,0.4355736810510952,cmp,0.11798902985536029,0.04070311549498832
zh_0223,0.5094354830764387,0.5904961049405935,0.4885766722728649,0.4905645251274109,0.4095039367675781,0.5114233493804932,-0.08106062186415475,0.08106058835983276,0.5499657940085161,0.5114233493804932,0.28126534841653766,0.99051957772026,0.9049904917284012,0.433556896439195,fine,0.09349996073731914,0.046930448279657616
zh_0224,0.42433104528880017,0.607777118691814,0.4760325687572882,0.5756689310073853,0.39222288131713867,0.5239673852920532,-0.18344607340301378,0.18344604969024658,0.516054081990307,0.5239673852920532,0.27039550800975204,1.0730041516333475,0.8856894278562727,0.4671175216298312,fine,0.09985441323140373,0.04486540491885022
zh_0225,0.49677935752683167,0.31290531738627114,0.48241303310149786,0.5032206177711487,0.6870946884155273,0.5175869464874268,0.18387404014056052,-0.18387407064437866,0.4048423374565514,0.5175869464874268,0.20954110925296884,1.0032154728403746,1.172258233166847,0.5720344994598299,cmp,0.1296521236163912,0.04444814204082629
zh_0226,0.6986534723430188,0.6245582527292527,0.6552153820951689,0.30134642124176025,0.37544167041778564,0.34478461742401123,0.07409521961376608,-0.07409524917602539,0.6616058625361357,0.34478461742401123,0.22811152420000452,0.7763330827125448,0.8665353394648684,0.4935242473428327,cmp,0.04902598258336012,0.046977266415771
zh_0227,0.3526366403023293,0.7037903528230336,0.3597854960611966,0.6473633050918579,0.2962096929550171,0.6402145028114319,-0.3511537125207043,0.3511536121368408,0.5282134965626815,0.6402145028114319,0.33816994108016507,1.137860588734552,0.7696877901811439,0.34637977027140565,fine,0.09276383326322715,0.0369815290922647
zh_0228,0.768760666095436,0.678713240332392,0.6395487961501389,0.23123931884765625,0.321286678314209,0.36045122146606445,0.09004742576304403,-0.09004735946655273,0.723736953213914,0.36045122146606445,0.2608718688060832,0.68005784151727,0.8016068358835372,0.35234111775799587,cmp,0.03653913862702707,0.04383675755713859
zh_0229,0.8453654896317324,0.3025287337416199,0.3423498446764073,0.1546344757080078,0.6974712610244751,0.6576501131057739,0.5428367558901125,-0.5428367853164673,0.5739471116866761,0.6576501131057739,0.3774563829174748,0.5561196100988847,1.181076852925651,0.2960561822343238,cmp,0.05028963547982387,0.022063024416219146
zh_0230,0.7035152422269423,0.5956441746392882,0.5630436032963505,0.2964847683906555,0.4043557643890381,0.43695640563964844,0.10787106758765408,-0.10787099599838257,0.6495797084331152,0.43695640563964844,0.28383801457338487,0.7700451386419599,0.8992839655645058,0.3810661147109997,cmp,0.05800464963409383,0.04480570201114613
zh_0231,0.4470823643348613,0.6810482788622227,0.38902424199199515,0.5529175996780396,0.31895166635513306,0.6109757423400879,-0.23396591452736143,0.2339659333229065,0.5640653215985421,0.6109757423400879,0.3446302285919696,1.051587025086501,0.7986885765275188,0.3106280938732115,fine,0.08776254898304975,0.03991330669933531
zh_0232,0.413360319819551,0.3106092788078503,0.4197752942392585,0.5866396427154541,0.6893906593322754,0.5802246928215027,0.10275104101170074,-0.10275101661682129,0.36198479931370064,0.5802246928215027,0.21003251898784525,1.083180206780431,1.174215245338051,0.5470657794521309,head,0.16224829238524852,0.04708741661341886
zh_0233,0.687820319990175,0.5089495360854578,0.3990789251351171,0.3121796250343323,0.4910504221916199,0.6009210348129272,0.17887078390471722,-0.1788707971572876,0.5983849280378164,0.6009210348129272,0.3595820901729436,0.7901641348603781,0.9910100543531761,0.258356848093009,cmp,0.07644092938476992,0.03877022136817002
zh_0234,0.5060622367123481,0.42426411204397996,0.471314685069173,0.49393773078918457,0.5757359266281128,0.5286853313446045,0.08179812466836811,-0.08179819583892822,0.465163174378164,0.5286853313446045,0.2459249469754277,0.9939192756835451,1.0730665291173889,0.5072360827676493,cmp,0.12142469483191752,0.047528965880930404
zh_0235,0.4065726964680004,0.5049339842607439,0.4078881574891525,0.593427300453186,0.4950660467147827,0.5921118855476379,-0.09836128779274345,0.09836125373840332,0.45575334036437215,0.5921118855476379,0.2698569697077828,1.0894285690507655,0.9950537832089842,0.4578995867149845,fine,0.1333238565053919,0.04720374381170841
zh_0236,0.4816029300840291,0.542637915283686,0.469801090284021,0.5183970332145691,0.4573620557785034,0.530198872089386,-0.06103498519965689,0.061034977436065674,0.5121204226838576,0.530198872089386,0.2715256704809209,1.0182308872902757,0.9564121336707448,0.4575252740914986,fine,0.10785532032684746,0.04755715605391758
zh_0237,0.35508499123294057,0.44922716488981074,0.4357593416200385,0.644914984703064,0.5507727861404419,0.5642406940460205,-0.09414217365687017,0.09414219856262207,0.40215607806137565,0.5642406940460205,0.2269128246001762,1.1357068360867253,1.0495454588632065,0.5297482589460741,fine,0.14661881139656074,0.047336883636205584
zh_0238,0.5823404247226416,0.7736984466566278,0.6374538320604646,0.4176595211029053,0.22630155086517334,0.36254608631134033,-0.1913580219339862,0.19135797023773193,0.6780194356896347,0.36254608631134033,0.24581329285230058,0.9139579588551746,0.6727578365851593,0.45768027680759593,fine,0.04097095923046306,0.04044290991967002
zh_0239,0.5204064551497152,0.614165811309117,0.5606649390097072,0.47959351539611816,0.3858342170715332,0.4393349885940552,-0.09375935615940179,0.09375929832458496,0.5672861332294161,0.4393349885940552,0.2492286468719112,0.9793809727070311,0.8784465705902477,0.49526433162550487,fine,0.08000763887609154,0.046996809360704724
zh_0240,0.5848818747231276,0.4869259127912553,0.3074960192499256,0.41511809825897217,0.5130741000175476,0.6925039291381836,0.09795596193187228,-0.09795600175857544,0.5359038937571914,0.6925039291381836,0.37111555206730673,0.91117300802523,1.0129897207857,0.25534773720709203,cmp,0.10592370281238947,0.0403264475196367
zh_0241,0.5812896938861565,0.5059501681866114,0.5734565852427875,0.41871029138565063,0.4940497875213623,0.42654335498809814,0.07533952569954505,-0.07533949613571167,0.543619931036384,0.42654335498809814,0.23187746922265776,0.9151068856847744,0.9940320234412856,0.5345122873134762,cmp,0.08469841124586457,0.047219055877944234
zh_0242,0.3206293971142957,0.5348652667708617,0.39664248496856325,0.6793705821037292,0.4651346802711487,0.6033574938774109,-0.21423586965656594,0.21423590183258057,0.4277473319425787,0.6033574938774109,0.25808455821362325,1.1656505504530117,0.9645047778307151,0.48133025131054213,fine,0.1371396261623052,0.044889865521425446
zh_0243,0.6995877417620927,0.6383435421005981,0.602729523575452,0.30041223764419556,0.3616563677787781,0.39727044105529785,0.061244199661494636,-0.06124413013458252,0.6689656419313454,0.39727044105529785,0.26576027562090604,0.7751287096191286,0.8504780513327812,0.401678106265714,cmp,0.05197304916270314,0.04631356754645302
zh_0244,0.5013494282485054,0.6070492391690394,0.5189168170771166,0.49865061044692993,0.39295071363449097,0.4810831546783447,-0.10569981092053404,0.10569989681243896,0.5541993337087724,0.4810831546783447,0.2666159637812529,0.9986496600424938,0.8865108694550345,0.4636979110378868,fine,0.08807807052193532,0.046744050890381805
zh_0245,0.4956079040780919,0.5408176875594319,0.47423137236304225,0.504392147064209,0.4591822624206543,0.5257685780525208,-0.04520978348134003,0.04520988464355469,0.5182127958187619,0.5257685780525208,0.2724600047862517,1.0043824928003358,0.9583134272674761,0.45485689708102195,fine,0.10574533676835582,0.047672922331348545
zh_0246,0.3940192555031348,0.4578366499662587,0.5243399709171395,0.6059807538986206,0.5421633124351501,0.4756600260734558,-0.0638173944631239,0.06381744146347046,0.42592795273469675,0.4756600260734558,0.2025969011031995,1.1008912248690739,1.0413100883346338,0.5866208734998537,head,0.12314026840124119,0.046701715370681796
zh_0247,0.65751451416754,0.6700716835652111,0.5655197507652936,0.34248554706573486,0.32992827892303467,0.4344801902770996,-0.012557169397671042,0.012557268142700195,0.6637930988663756,0.4344801902770996,0.28840495190008847,0.8276297310179953,0.8123155993021293,0.3539116127171617,fine,0.05571978945746436,0.045477584273401046
zh_0248,0.47410277365187664,0.4943719191129499,0.39734586908185043,0.525897204875946,0.5056281685829163,0.6026540994644165,-0.02026914546107328,0.020269036293029785,0.4842373463824133,0.6026540994644165,0.291827621911132,1.0255703060718206,1.0056123317531962,0.41584437437215777,fine,0.1260595369794696,0.04720371783348182
zh_0249,0.3688472844814913,0.5787096324638132,0.34935858798025715,0.6311526894569397,0.4212903380393982,0.6506414413452148,-0.20986234798232195,0.2098623514175415,0.47377845847265226,0.6506414413452148,0.3082598990989605,1.1235236673239313,0.9179219656770244,0.38960430823226233,fine,0.12736520902776366,0.04391151649166246
zh_0250,0.5262096242213443,0.6097869736010342,0.4406163720233309,0.47379034757614136,0.3902130126953125,0.5593836307525635,-0.08357734937968986,0.08357733488082886,0.5679982989111892,0.5593836307525635,0.31772895070622087,0.9734375951016647,0.8834172586031656,0.35422898710881323,fine,0.09105166982148623,0.044940917051000416
zh_0251,0.40389422014983234,0.7150298558710863,0.4771909825004113,0.5961057543754578,0.28497016429901123,0.5228089690208435,-0.3111356357212539,0.31113559007644653,0.5594620380104594,0.5228089690208435,0.2924917712985482,1.091884407664261,0.7549438974240583,0.4346256474716903,fine,0.07449220714497996,0.03779617439380905
zh_0252,0.31482672184505106,0.40662182072450204,0.3455587417995555,0.6851732730865479,0.5933781862258911,0.654441237449646,-0.09179509887945098,0.09179508686065674,0.3607242712847766,0.654441237449646,0.23607283847773097,1.1706180232295664,1.0893834763530221,0.4894014929533063,fine,0.17792690799483002,0.04761910244755465
zh_0253,0.6649334926586384,0.6956269576455514,0.6918255447828165,0.335066556930542,0.30437302589416504,0.3081744909286499,-0.030693464986912944,0.030693531036376953,0.680280225152095,0.3081744909286499,0.20964501207507422,0.8186165248043338,0.7802218176319456,0.518653220428047,fine,0.04295121802521896,0.04783133251926935
zh_0254,0.44096195847839625,0.5617018674438654,0.5218945380480813,0.559037983417511,0.4382981061935425,0.47810542583465576,-0.12073990896546916,0.1207398772239685,0.5013319129611309,0.47810542583465576,0.23968950773078407,1.0573911684155526,0.9362671974988062,0.5244751140114431,fine,0.10122664418283119,0.04649977387261846
zh_0255,0.4202117883163705,0.6569709972522553,0.4842953106957192,0.5797882080078125,0.3430289030075073,0.5157046318054199,-0.23675920893588476,0.23675930500030518,0.5385913927843129,0.5157046318054199,0.2777540759094024,1.076836302957538,0.8282861857446909,0.45644069445261454,fine,0.08765119100206972,0.04235697734306156
zh_0256,0.6799348446819192,0.45445219501673295,0.5721654478893268,0.32006514072418213,0.5455477237701416,0.42783457040786743,0.22548264966518627,-0.22548258304595947,0.5671935198493261,0.42783457040786743,0.24266499590286267,0.8000814400023054,1.0445552211187947,0.5238280346908754,cmp,0.0684001856586923,0.040884596198956256
zh_0257,0.6522054047700884,0.6116710439979671,0.5542188779598395,0.3477945923805237,0.3883289694786072,0.4457811117172241,0.04053436077212125,-0.040534377098083496,0.6319382243840277,0.4457811117172241,0.2817061242025205,0.8340198981198365,0.8812819707698919,0.395020112603918,cmp,0.0650137647293429,0.04654150419855375
zh_0258,0.480663182648697,0.49437760780256534,0.39354571986592174,0.5193368196487427,0.505622386932373,0.6064542531967163,-0.013714425153868337,0.013714432716369629,0.4875203952256312,0.6064542531967163,0.29565881720472814,1.0191533911549366,1.0056066747962995,0.40835029766699626,fine,0.12524468347299714,0.047057756413890976
zh_0259,0.49435350990303367,0.7004319441073608,0.5113305350817252,0.5056464672088623,0.2995679974555969,0.48866939544677734,-0.2060784342043271,0.20607846975326538,0.5973927270051972,0.48866939544677734,0.29192754274993143,1.0056306380545157,0.7740388309285765,0.4066626857660116,fine,0.07089215027642025,0.04234552858522553
zh_0260,0.6114358089861851,0.5105018163498471,0.5971634753697449,0.38856422901153564,0.4894982576370239,0.4028364419937134,0.10093399263633795,-0.10093402862548828,0.5609688126680161,0.4028364419937134,0.22597868056462153,0.8815488540220726,0.9894424527481653,0.5448326566761664,cmp,0.0760671601332053,0.04636256742616031
zh_0261,0.841780508287425,0.6065425431716409,0.6055301496480678,0.15821945667266846,0.39345741271972656,0.3944697976112366,0.2352379651157841,-0.2352379560470581,0.724161525729533,0.3944697976112366,0.28565985049237314,0.5625290956254166,0.8870822474025268,0.3150382402689628,cmp,0.030530910711790208,0.034105375188457056
zh_0262,0.6381740557648802,0.5723115054358449,0.5113299719442194,0.36182594299316406,0.42768847942352295,0.4886700510978699,0.06586255032903532,-0.06586253643035889,0.6052427806003625,0.4886700510978699,0.295764020522596,0.8506773115995503,0.9248659303533187,0.38238277092056777,cmp,0.0750658847956364,0.04594682776881663
zh_0263,0.6842096004454163,0.3778042843074223,0.41838438590200155,0.3157903552055359,0.6221957206726074,0.5816156268119812,0.30640531613799404,-0.30640536546707153,0.5310069423764193,0.5816156268119812,0.3088419356317747,0.7947205792661763,1.1155229407704506,0.4019840140648493,cmp,0.09094936351782987,0.039385840799827494
zh_0264,0.4779980971425291,0.3835711975514062,0.4889823110450593,0.5220018625259399,0.616428792476654,0.5110176801681519,0.09442689959112294,-0.09442692995071411,0.43078464734696764,0.5110176801681519,0.2201385711393028,1.0217650442811896,1.110341211023525,0.5530266042097093,head,0.12772565397501892,0.0469462277357642
zh_0265,0.5459677703766875,0.5650147728152439,0.3471546184982824,0.45403218269348145,0.4349851608276367,0.6528453826904297,-0.019047002438556393,0.019047021865844727,0.5554912715959657,0.6528453826904297,0.3626499117862616,0.9529241623794757,0.9327220670540142,0.2657161523138877,fine,0.09844699241219142,0.04141055331288956
zh_0266,0.28526972581551213,0.29282768285458205,0.4565794188953658,0.7147302627563477,0.7071722745895386,0.5434205532073975,-0.007557957039069918,0.007557988166809082,0.2890487043350471,0.5434205532073975,0.15707500681363276,1.1956004969758818,1.1892622226787641,0.6178302408700845,head,0.17849147093065929,0.04621144567184498
zh_0267,0.5354987084049687,0.43503772895386805,0.4130135406681119,0.46450120210647583,0.5649622678756714,0.5869863629341125,0.10046097945110066,-0.10046106576919556,0.4852682186794184,0.5869863629341125,0.28484582673014736,0.9638478008430911,1.062979088266681,0.43187455846857736,cmp,0.12227537016995008,0.04679662416726268
zh_0268,0.41057170457863346,0.4875628459852504,0.4600884659794876,0.5894282460212708,0.512437105178833,0.5399115085601807,-0.07699114140661695,0.07699114084243774,0.4490672752819419,0.5399115085601807,0.24245659004248318,1.0857516248400152,1.012360759823048,0.5112518710811367,fine,0.1283242866757515,0.04760807248593797
zh_0269,0.7070825785048226,0.4038773130317609,0.43563612623023623,0.2929173707962036,0.596122682094574,0.5643638372421265,0.3032052654730617,-0.30320531129837036,0.5554799457682917,0.5643638372421265,0.31349279370484145,0.7653984864045359,1.0918998919024028,0.38849020973602155,cmp,0.08174525626689105,0.038698124999450585
zh_0270,0.4710714007348741,0.3857949679875019,0.33026687978664504,0.5289285182952881,0.6142050623893738,0.6697331070899963,0.08527643274737218,-0.0852765440940857,0.428433184361188,0.6697331070899963,0.28693588774267964,1.0285218512653254,1.1083366203572798,0.41528239131537015,cmp,0.15384722195954595,0.046812078125495774
zh_0271,0.524146988823309,0.4805371930784992,0.5858765850306205,0.4758530259132385,0.5194628238677979,0.41412341594696045,0.04360979574480983,-0.043609797954559326,0.5023420909509041,0.41412341594696045,0.2080316226785271,0.9755542129238036,1.0192770054519045,0.5844889342753671,head,0.0931818800473299,0.046907116415161314
zh_0272,0.40333962213637553,0.4497075460097768,0.36891041315027995,0.5966603755950928,0.550292432308197,0.6310895681381226,-0.04636792387340127,0.04636794328689575,0.42652358407307617,0.6310895681381226,0.26917458447340187,1.0923922169840141,1.0490876550510189,0.45013648144920004,fine,0.15069330643501577,0.047666114015911476
zh_0273,0.7022493048287454,0.590328759787025,0.5923489285367667,0.29775065183639526,0.40967124700546265,0.40765106678009033,0.11192054504172033,-0.11192059516906738,0.6462890323078851,0.40765106678009033,0.2634604134685816,0.7716873656750572,0.9051753865555283,0.4291561035041202,cmp,0.056657460502041665,0.04556700991309391
zh_0274,0.44762931833191205,0.36870367997481424,0.4722583622959088,0.5523706674575806,0.6312962770462036,0.5277416110038757,0.07892563835709782,-0.07892560958862305,0.4081664991533631,0.5277416110038757,0.21540644582100793,1.051066773966419,1.1236514762373482,0.5553828832263776,head,0.13821446322279615,0.047189578037125104
zh_0275,0.6617913888017387,0.44679956725370396,0.5018800729762225,0.3382086157798767,0.5532004237174988,0.49811995029449463,0.21499182154803476,-0.21499180793762207,0.5542954780277214,0.49811995029449463,0.2761056359636317,0.822445878095649,1.0518559147966002,0.4546198004646104,cmp,0.08304243632910845,0.043009546010724306
zh_0276,0.3342436915912187,0.34815015143434036,0.39512873067170695,0.6657562255859375,0.6518498063087463,0.6048712134361267,-0.013906459843121666,0.013906419277191162,0.3411969215127795,0.6048712134361267,0.20638019593610585,1.153911875672299,1.141796696934844,0.5409617922609709,head,0.17696309625807535,0.04788067806848285
zh_0277,0.5202791527359863,0.5111475381165508,0.5087442677235111,0.4797208309173584,0.4888523817062378,0.4912557005882263,0.009131614619435569,-0.009131550788879395,0.5157133454262686,0.4912557005882263,0.25334712081007954,0.9795109466095959,0.9887896256367664,0.49282670402490425,cmp,0.10250079516505471,0.048097589620293014
zh_0278,0.7538120544243603,0.4228966030382213,0.3911309553959761,0.24618792533874512,0.5771033763885498,0.6088689565658569,0.330915451386139,-0.3309154510498047,0.5883543287312908,0.6088689565658569,0.3582306862256262,0.7016950129160666,1.0743401667644927,0.28443284342416547,cmp,0.07080615867092858,0.03452135212632982
zh_0279,0.358308489141524,0.30711967385999506,0.35256660718062105,0.6416914463043213,0.6928802728652954,0.6474334001541138,0.051188815281528965,-0.05118882656097412,0.33271408150075954,0.6474334001541138,0.21541020906518968,1.1328649618189064,1.1771833554209004,0.5152547327774227,cmp,0.1882989497749064,0.04793341309447321
zh_0280,0.6037184064844883,0.5424380920303667,0.5257838148434535,0.3962815999984741,0.4575619101524353,0.47421616315841675,0.06128031445412152,-0.06128031015396118,0.5730782492574276,0.47421616315841675,0.27176296855240006,0.8902601794032029,0.9566210409243919,0.44575946927668453,cmp,0.08347321711848545,0.047327326587597036
zh_0281,0.4467917094230355,0.3512363510299923,0.3947637902613874,0.5532082319259644,0.6487636566162109,0.6052361726760864,0.09555535839304319,-0.09555542469024658,0.3990140302265139,0.6052361726760864,0.24149772449835552,1.0518633852140344,1.1390905573921746,0.49804026166618626,cmp,0.15515960307426352,0.04750751888598847
zh_0282,0.7288905745140324,0.5744623708152139,0.6860868424118163,0.27110934257507324,0.4255375862121582,0.3139130473136902,0.1544282036988185,-0.15442824363708496,0.6516764726646231,0.3139130473136902,0.20456974739678857,0.7363551120023101,0.9225374021521141,0.5634114109988152,cmp,0.0424923146632598,0.04160889681449248
zh_0283,0.4161430625402376,0.43002432859228396,0.4152392316676619,0.5838569402694702,0.5699756145477295,0.5847607254981995,-0.01388126605204637,0.013881325721740723,0.4230836955662608,0.5847607254981995,0.247402728765786,1.0806081042262845,1.0676850391456423,0.4932370803540972,fine,0.14537119039043458,0.04809305364330839
zh_0284,0.379533618395115,0.5500141866185386,0.4944983892885261,0.6204663515090942,0.4499857425689697,0.5055015683174133,-0.1704805682234236,0.1704806089401245,0.4647739025068268,0.5055015683174133,0.23494393663020552,1.1139716168779934,0.9486683439236936,0.534591350524319,fine,0.11225884018462397,0.04519950339808921
zh_0285,0.5228784085606891,0.7237162737397964,0.5102186329600904,0.47712159156799316,0.27628374099731445,0.48978132009506226,-0.2008378651791073,0.2008378505706787,0.6232973411502427,0.48978132009506226,0.3052793945603082,0.9768537162127306,0.7433488094565078,0.36304685662598324,fine,0.06393319632889947,0.041366972728053224
zh_0286,0.6748131103859312,0.6971437256249597,0.6376878554194952,0.3251868486404419,0.3028562068939209,0.36231207847595215,-0.022330615239028573,0.022330641746520996,0.6859784180054455,0.36231207847595215,0.24853826641719845,0.806457549551208,0.7782753682020788,0.423377190007321,fine,0.0463780987141883,0.04728583103052513
zh_0287,0.6275834549206751,0.5939268601200746,0.49184840805076047,0.37241649627685547,0.4060732126235962,0.5081515908241272,0.03365659480060057,-0.03365671634674072,0.6107551575203749,0.5081515908241272,0.3103562048980189,0.863037131390446,0.9011915888199632,0.3475846869078548,cmp,0.0747585704458285,0.04515917640029568
zh_0288,0.4072654402509366,0.4067450543332736,0.43004245544826447,0.5927345156669617,0.5932548642158508,0.5699575543403625,0.0005203859176629577,-0.0005203485488891602,0.4070052472921051,0.5699575543403625,0.23197571535030267,1.0887925052543879,1.089270348138354,0.5194245120652854,head,0.14819706756866402,0.0480636596795938
zh_0289,0.5368068910181603,0.5913874564497851,0.6028751240300777,0.46319305896759033,0.4086124897003174,0.3971248269081116,-0.05458056543162482,0.05458056926727295,0.5640971737339726,0.3971248269081116,0.22401699247845883,0.9624895936911112,0.9040050260371517,0.5455502466553291,head,0.07632128742088455,0.047399100533313254
zh_0290,0.4789425759081538,0.6227929720592918,0.6785355126143453,0.5210573673248291,0.37720704078674316,0.3214644193649292,-0.14385039615113804,0.14385032653808594,0.5508677739837229,0.3214644193649292,0.17708438911052854,1.0208402657535076,0.868570121453309,0.6505228372367541,head,0.060283213239765654,0.040520035464660334
zh_0291,0.5599750556335478,0.46730439613529007,0.6376301637277462,0.4400249719619751,0.5326956510543823,0.3623698353767395,0.0926706594982577,-0.09267067909240723,0.513639725884419,0.3623698353767395,0.1861275429116905,0.9381097423718097,1.0321778953888805,0.6303347571521133,head,0.07905874868177848,0.044353566958128504
zh_0292,0.9878285978393878,0.3786692023662939,0.40543239412187554,0.012171387672424316,0.621330738067627,0.5945675373077393,0.6091593954730938,-0.6091593503952026,0.6832489001028409,0.5945675373077393,0.4062376159023677,0.15602180719766448,1.1147473235076244,0.2238586637738427,cmp,0.0,0.0
zh_0293,0.3844693747022112,0.37771098760980226,0.4481718539266497,0.6155306100845337,0.6222889423370361,0.551828145980835,0.006758387092408946,-0.006758332252502441,0.38109018115600674,0.551828145980835,0.21029628811881973,1.1095319962018122,1.1156065725785216,0.5542016751724528,head,0.1528461114214699,0.04772207311647059
zh_0294,0.9817560588046128,0.7069842462010764,0.7078739483761946,0.018243849277496338,0.293015718460083,0.29212599992752075,0.27477181260353645,-0.27477186918258667,0.8443701525028446,0.29212599992752075,0.24666247510884667,0.1910180158801128,0.7655269476627506,0.1308467265399101,cmp,0.0026643378376679395,0.007318118814379532
zh_0295,0.44894893419121246,0.36638236197078133,0.510746643473891,0.5510510206222534,0.633617639541626,0.48925334215164185,0.08256657222043112,-0.08256661891937256,0.4076656480809969,0.48925334215164185,0.1994517808040428,1.0498105217693212,1.125715450750516,0.5884434362272786,head,0.1300736709326905,0.046421477749082556
zh_0296,0.44168277100870074,0.5468059359224495,0.5631806178578374,0.5583171844482422,0.4531940221786499,0.4368194341659546,-0.10512316491374879,0.10512316226959229,0.49424435346557516,0.4368194341659546,0.2158955388205506,1.0567092589651135,0.9520441839300849,0.5712450729373822,head,0.09670263248664589,0.04610020529974781
zh_0297,0.4954384842827182,0.4981451296806635,0.5019529470025819,0.5045614838600159,0.5018548369407654,0.4980470538139343,-0.0027066453979452954,0.0027066469192504883,0.49679180698169084,0.4980470538139343,0.24742569582613186,1.0045511591922855,1.0018531532308879,0.5051300620429401,head,0.10888910404614806,0.04810843013615191
zh_0298,0.26418554526222904,0.23906643137013872,0.3734206740181,0.7358144521713257,0.760933518409729,0.6265792846679688,0.025119113892090317,-0.02511906623840332,0.2516259883161839,0.6265792846679688,0.15766363176302517,1.2131071302550083,1.2336397923460973,0.581454761667823,head,0.2127536237814562,0.04718925241424432
zh_0299,0.7111054349665755,0.45974597375077575,0.4836142593424624,0.28889453411102295,0.5402539968490601,0.5163856744766235,0.2513594612157998,-0.2513594627380371,0.5854257043586757,0.5163856744766235,0.30230544720120717,0.7601244174915374,1.0394748926734347,0.395837080908676,cmp,0.07315565734621952,0.04040716971959384
zh_0300,0.6160352052626914,0.3616681316828587,0.3486948613689024,0.3839647173881531,0.6383318901062012,0.651305079460144,0.2543670735798327,-0.2543671727180481,0.48885166847277506,0.651305079460144,0.31839157477888475,0.8763159187613896,1.1298954538514983,0.37468389454207013,cmp,0.11811223180123266,0.04216874402349097
zh_0301,0.383567805292005,0.5638000596062112,0.48711064227887324,0.6164321899414062,0.4361999034881592,0.5128892660140991,-0.18023225431420614,0.18023228645324707,0.4736839324491081,0.5128892660140991,0.24294740443649518,1.1103442661697274,0.9340234904902431,0.5204408607905284,fine,0.11034838180413808,0.04502440415401492
zh_0302,0.4860029344187346,0.5857713305038272,0.40097029830809994,0.5139970183372498,0.4142286777496338,0.5990296602249146,-0.09976839608509264,0.09976834058761597,0.535887132461281,0.5990296602249146,0.3210122868771849,1.013900454266853,0.9101963189292434,0.3567173238228236,fine,0.10470391545636615,0.04488896672879746
zh_0303,0.3410439888221961,0.5318521160696766,0.37410121035676885,0.6589560508728027,0.468147873878479,0.6258987784385681,-0.19080812724748053,0.19080817699432373,0.4364480524459364,0.6258987784385681,0.2731723028778037,1.1480034940520027,0.9676237739228235,0.45119652502166163,fine,0.13968894601817833,0.04545659163650007
zh_0304,0.3522462036233337,0.3528791886468039,0.4511015422041927,0.6477537751197815,0.6471208333969116,0.548898458480835,-0.0006329850234702006,0.000632941722869873,0.3525626961350688,0.548898458480835,0.1935211204263863,1.1382036692759923,1.137647407023104,0.5760992103879501,head,0.16093404816192958,0.04734051763470733
zh_0305,0.4316542632703124,0.5285437936965582,0.3720766387463645,0.5683456659317017,0.4714561700820923,0.6279232501983643,-0.09688953042624582,0.09688949584960938,0.48009902848343533,0.6279232501983643,0.30146534238239575,1.0661573399172257,0.9710367720158092,0.39784346717944513,fine,0.1285466669665378,0.04621807972590767
zh_0306,0.3139093236382766,0.4256231062684389,0.4155665714083343,0.6860907077789307,0.5743768811225891,0.5844334363937378,-0.1117137826301623,0.11171382665634155,0.36976621495335776,0.5844334363937378,0.21610373966749638,1.1714014481480919,1.0717993223841495,0.5384549760492242,fine,0.16016338256397653,0.04705622544503253
zh_0307,0.35078568904726076,0.3499631682617491,0.4540974607578839,0.6492143273353577,0.6500368118286133,0.5459024906158447,0.000822520785511649,-0.0008224844932556152,0.35037442865450497,0.5459024906158447,0.19127027325059787,1.139486121857339,1.140207728212935,0.5798330512549291,head,0.16090474973066632,0.04726109725635171
zh_0308,0.6502693639866437,0.5808712443895697,0.5913009536370277,0.34973061084747314,0.4191287159919739,0.40869903564453125,0.06939811959707398,-0.06939810514450073,0.6155703041881067,0.40869903564453125,0.25158298969308995,0.8363380130226724,0.9155640399343239,0.47035452936389893,cmp,0.06557370794974457,0.04728951502752102
zh_0309,0.4346470471338515,0.5115040976261856,0.43644186198691337,0.5653529763221741,0.48849594593048096,0.5635581016540527,-0.07685705049233416,0.07685703039169312,0.47307557238001857,0.5635581016540527,0.2666055715093877,1.0633465595619789,0.9884289578657784,0.46648037774975587,fine,0.12429066047428959,0.04751162081953948
zh_0310,0.5349287965035745,0.712832761917582,0.6189079216533308,0.4650711417198181,0.28716719150543213,0.3810920715332031,-0.17790396541400755,0.177903950214386,0.6238807792105783,0.3810920715332031,0.2377560185391082,0.9644389078593056,0.7578485839300845,0.5077945592666789,fine,0.054644233692206994,0.04254330838134684
zh_0311,0.4228782010541887,0.7074189975825185,0.45282586130474395,0.5771217346191406,0.29258090257644653,0.5471740961074829,-0.28454079652832975,0.2845408320426941,0.5651485993183536,0.5471740961074829,0.3092346739984302,1.0743572952661615,0.7649588255814573,0.3924474567983055,fine,0.07898638413231497,0.03934486825962636
zh_0312,0.5477307715621184,0.4352976932302566,0.48017610140667377,0.45226913690567017,0.5647022724151611,0.5198238492012024,0.11243307833186178,-0.11243313550949097,0.49151423239618747,0.5198238492012024,0.2555008202213605,0.9510722669049722,1.0627344981412277,0.49186631635032957,cmp,0.11090293796004211,0.04695815526482548
zh_0313,0.5293465026764657,0.5519086471709223,0.43387701171194804,0.4706534147262573,0.4480912685394287,0.5661230087280273,-0.022562144494456593,0.022562146186828613,0.540627574923694,0.5661230087280273,0.30606170931713866,0.9702097683733494,0.9466692694168095,0.3839240443501359,fine,0.10233024667354923,0.0464118099529977
zh_0314,0.5362290098750485,0.5784129491477231,0.5092583556734154,0.46377092599868774,0.42158710956573486,0.4907416105270386,-0.04218393927267461,0.04218381643295288,0.5573209795113858,0.4907416105270386,0.27350059506592417,0.963089809026086,0.9182451207082748,0.4462206966617066,fine,0.0900730676146867,0.047565841834779486
zh_0315,0.7632432853666281,0.40295569167671047,0.4032136533536499,0.23675668239593506,0.5970443487167358,0.596786379814148,0.36028759368991764,-0.3602876663208008,0.5830994885216693,0.596786379814148,0.34798583282632833,0.6881231207180468,1.092743618899959,0.3152033392038119,cmp,0.06925832207427718,0.03384099842571882
zh_0316,0.39964527176270304,0.27155239245968776,0.35390696255994575,0.6003547310829163,0.7284476161003113,0.6460930109024048,0.12809287930301527,-0.12809288501739502,0.3355988321111954,0.6460930109024048,0.21682805989405288,1.095768888258192,1.2070191444548939,0.5161818073176041,cmp,0.18383048558626439,0.04713346374154634
zh_0317,0.5695373339363176,0.5996932519017353,0.5709386428504772,0.4304625988006592,0.40030670166015625,0.42906129360198975,-0.030155917965417722,0.03015589714050293,0.5846152929190265,0.42906129360198975,0.2508357938393437,0.9278606210672834,0.8947700800745014,0.4838562392365322,fine,0.07611939934165281,0.047959102953135116
zh_0318,0.30540066400836924,0.43541477751550534,0.4051188762311618,0.6945992708206177,0.5645852088928223,0.5948810577392578,-0.1300141135071361,0.1300140619277954,0.3704077207619373,0.5948810577392578,0.2203485367216489,1.1786427244857793,1.0626243197710983,0.5304012843239561,fine,0.16106001640471523,0.0468530185519027
zh_0319,0.5205724632075386,0.6281208637108909,0.5459627525280903,0.4794275164604187,0.37187910079956055,0.45403724908828735,-0.10754840050335235,0.10754841566085815,0.5743466634592147,0.45403724908828735,0.2607747791000582,0.9792114549906591,0.862414211720922,0.47042755520288165,fine,0.07941410449144416,0.04660663814937014
zh_0320,0.40329904178038406,0.7094201687335963,0.42096075097090646,0.5967009663581848,0.29057979583740234,0.5790392756462097,-0.3061211269532122,0.30612117052078247,0.5563596052569901,0.5790392756462097,0.32215406282681874,1.0924293645079448,0.762338286151763,0.37012640544764985,fine,0.08260895184111133,0.038421080390857995
zh_0321,0.3314737518762006,0.4961421491434138,0.3634104436173497,0.668526291847229,0.5038578510284424,0.6365895867347717,-0.16466839726721322,0.16466844081878662,0.41380795050980723,0.6365895867347717,0.2634258322026011,1.1563098616926168,1.003850437920496,0.4615885670509899,fine,0.1513478314559174,0.046249994213384056
zh_0322,0.571743363589055,0.5578760086913956,0.3821828139895973,0.4282565712928772,0.4421239495277405,0.6178171038627625,0.013867354897659334,-0.013867378234863281,0.5648096861402253,0.6178171038627625,0.34894908452478984,0.9254800229188581,0.9403446084373578,0.2902126905954537,cmp,0.09466861701771861,0.04274495051601546
zh_0323,0.6134386200154434,0.5610144281448812,0.48152611203439194,0.3865613341331482,0.4389854669570923,0.5184738636016846,0.05242419187056213,-0.05242413282394409,0.5872265240801623,0.5184738636016846,0.3044616047492294,0.8792739959586618,0.9370011439215199,0.3727154294946888,cmp,0.08284363444811221,0.045861393993036764
zh_0324,0.5275238307662093,0.6841675211794987,0.5614057589423072,0.47247612476348877,0.3158324956893921,0.4385942220687866,-0.1566436904132894,0.15664362907409668,0.6058456759728541,0.4385942220687866,0.2657204129470521,0.9720865900050166,0.7947735260066247,0.4526527672575368,fine,0.06708626724830274,0.04456698787420423
zh_0325,0.41516639670917777,0.593698744126719,0.45152652825182016,0.584833562374115,0.40630125999450684,0.5484734773635864,-0.1785323474175412,0.17853230237960815,0.5044325704179484,0.5484734773635864,0.27666788599258435,1.0815115378865099,0.9014446803584582,0.4540476201461409,fine,0.10703263016634865,0.045153946121523576
zh_0326,0.5678834381902917,0.7368117478633683,0.611499715922568,0.4321165084838867,0.2631881833076477,0.3885002136230469,-0.1689283096730766,0.168928325176239,0.6523475930268301,0.3885002136230469,0.25343717924740394,0.9296413951731154,0.7255180936911658,0.4548812816312678,fine,0.05043469285907802,0.04293655101183036
zh_0327,0.6357670163962946,0.5535134720642922,0.6083881438878747,0.3642328977584839,0.4464864730834961,0.39161181449890137,0.08225354433200238,-0.08225357532501221,0.5946402442302934,0.39161181449890137,0.23286814501709505,0.8535021776231214,0.9449725159344131,0.5196390531712696,cmp,0.06794744778172085,0.04700292934177645
zh_0328,0.7938435913551078,0.5731079867414108,0.5848673729039834,0.20615637302398682,0.4268919825553894,0.4151325821876526,0.220735604613697,-0.2207356095314026,0.6834757890482593,0.4151325821876526,0.28373306917034724,0.6421158908559916,0.9240043433432431,0.3672833822505219,cmp,0.04200788049738346,0.0382347500204541
zh_0329,0.30042244859448713,0.4166766716051111,0.4800957515893918,0.6995775699615479,0.5833233594894409,0.5199042558670044,-0.11625422301062399,0.11625421047210693,0.3585495600997991,0.5199042558670044,0.18641144223512782,1.1828588685092676,1.0801141869218172,0.5972003035277397,head,0.14858018294349157,0.045715480796755255
zh_0330,0.8626026566617194,0.5983246140039855,0.6226804562823935,0.13739728927612305,0.40167534351348877,0.3773195743560791,0.2642780426577339,-0.2642780542373657,0.7304636353328524,0.3773195743560791,0.2756182279663861,0.5242086289604164,0.8962983721908839,0.34426753449843545,cmp,0.025921332472186587,0.030867008939816976
zh_0331,0.5102303648753334,0.6572391574218612,0.6604123403418948,0.4897695779800415,0.3427608609199524,0.33958762884140015,-0.14700879254652788,0.1470087170600891,0.5837347611485972,0.33958762884140015,0.1982291034107532,0.9897167626393593,0.827962369408343,0.601554554011059,head,0.058171832230123614,0.04234186878590491
zh_0332,0.4460003803018243,0.6320093858068457,0.4047833217720126,0.553999662399292,0.3679906129837036,0.595216691493988,-0.18600900550502142,0.18600904941558838,0.539004883054335,0.595216691493988,0.3208247031907052,1.0526154280630464,0.857893483123813,0.36186268711446423,fine,0.09952817337114796,0.04323708205864353
zh_0333,0.29538482872380084,0.4162133581747488,0.3549592625894805,0.7046151757240295,0.5837866067886353,0.64504075050354,-0.12082852945094796,0.12082856893539429,0.35579909344927485,0.64504075050354,0.22950491426699943,1.1871100802168257,1.0805430503457518,0.5015586383429981,fine,0.17667044764720252,0.047260833101866524
zh_0334,0.6218116701799843,0.7659585729438262,0.6816027523243522,0.37818825244903564,0.23404133319854736,0.31839728355407715,-0.1441469027638419,0.14414691925048828,0.6938851215619053,0.31839728355407715,0.22093113780390125,0.8696991776700902,0.6841658089325631,0.49382084444305063,fine,0.03711427998607376,0.04285385195107321
zh_0335,0.45478477288825786,0.6038402545864243,0.4247706717131843,0.5452151894569397,0.39615970849990845,0.575229287147522,-0.14905548169816646,0.14905548095703125,0.5293125137373411,0.575229287147522,0.3044760599553937,1.0442367807271895,0.8901233009123801,0.393916993070848,fine,0.1035025625976088,0.04499938748227915
zh_0336,0.6182637829120345,0.5610522743994829,0.5003923293456117,0.381736159324646,0.4389476776123047,0.4996076226234436,0.057211508512551634,-0.05721151828765869,0.5896580286557587,0.4996076226234436,0.29459764585752996,0.8737690966015743,0.9369607522201954,0.3921842349546636,cmp,0.08078704212694392,0.04634491388078954
zh_0337,0.43232049522967286,0.50578939385721,0.4374236041806667,0.5676794648170471,0.4942106008529663,0.562576413154602,-0.07346889862753714,0.07346886396408081,0.46905494454344143,0.562576413154602,0.26387924827368003,1.0655322658374335,0.9941937498725183,0.4713416974407946,fine,0.12558226313093163,0.047589023916262525
zh_0338,0.46100910129028927,0.4180019604702945,0.4790677501685086,0.5389909148216248,0.5819979906082153,0.520932137966156,0.043007140819994794,-0.043007075786590576,0.4395055308802919,0.520932137966156,0.22895255584942084,1.0382590223154446,1.0788864996186636,0.5356866316288716,head,0.12882743564952706,0.04778634609762496
zh_0339,0.5335279875582523,0.7699817241783937,0.5648603332747506,0.46647197008132935,0.2300182580947876,0.43513959646224976,-0.23645373662014146,0.23645371198654175,0.651754855868323,0.43513959646224976,0.2836043449748538,0.9658902757992214,0.6782599440061399,0.3989326425481595,fine,0.049663882232148314,0.038782151222011084
zh_0340,0.4090273905360682,0.49965259455571753,0.48478054352438693,0.5909726023674011,0.500347375869751,0.5152194499969482,-0.09062520401964935,0.09062522649765015,0.45433999254589286,0.5152194499969482,0.23408480107111249,1.0871730400115076,1.000347345119966,0.5297229612965151,fine,0.12198390399118234,0.04726283310193975
zh_0341,0.2089786196623705,0.43846289705737407,0.3042602523753484,0.7910213470458984,0.5615370869636536,0.69573974609375,-0.22948427739500357,0.22948426008224487,0.3237207583598723,0.69573974609375,0.22522539822657375,1.2577928130957257,1.0597519548862613,0.4927563132536712,fine,0.19045604975360744,0.04539504115081292
zh_0342,0.35419853343207075,0.449573343559511,0.4134026268186273,0.6458014249801636,0.5504266023635864,0.5865973234176636,-0.09537481012744026,0.09537482261657715,0.4018859384957909,0.5865973234176636,0.23574521584082672,1.1364871020543343,1.049215570262365,0.5112550685211407,fine,0.1508517211063279,0.047460539180809835
zh_0343,0.5593096610057565,0.45838601095117765,0.5165742393948414,0.440690279006958,0.5416139960289001,0.48342573642730713,0.10092365005457887,-0.10092371702194214,0.5088478359784671,0.48342573642730713,0.24599013983733203,0.9388187673819095,1.0407823874843602,0.5105674798532874,cmp,0.1010689134342153,0.04704458438501921
zh_0344,0.534678206250214,0.43802267017978874,0.47818669265197244,0.46532177925109863,0.5619773864746094,0.5218132734298706,0.09665553607042526,-0.09665560722351074,0.48635043821500135,0.5218132734298706,0.2537841141990219,0.9646987029635582,1.060167279084024,0.4942456814017225,cmp,0.11344097023774245,0.047272007919529985
zh_0345,0.9658895965360581,0.6056053616299006,0.6492383097979614,0.034110426902770996,0.39439457654953003,0.35076165199279785,0.36028423490615746,-0.36028414964675903,0.7857474790829794,0.35076165199279785,0.2756100838123222,0.26119113102838004,0.8881380955348094,0.3351385102514382,cmp,0.0,0.0
zh_0346,0.68677358415669,0.5026795824975594,0.43413907839378985,0.3132264018058777,0.49732041358947754,0.56586092710495,0.1840940016591306,-0.18409401178359985,0.5947265833271247,0.56586092710495,0.33653253581544607,0.7914877331245382,0.9973168177689985,0.309978543835554,cmp,0.07763092355837242,0.04097703578808187
zh_0347,0.6475615817541338,0.5381301427398393,0.5969141035234979,0.35243839025497437,0.4618697762489319,0.4030858278274536,0.10943143901429453,-0.10943138599395752,0.5928458622469865,0.4030858278274536,0.2389677651579071,0.8395694351819465,0.9611137885392763,0.5096186509198904,cmp,0.0686224865786661,0.04630246808141827
zh_0348,0.517329628122604,0.5398389709880689,0.515817411490992,0.48267030715942383,0.4601609706878662,0.48418253660202026,-0.02250934286546491,0.022509336471557617,0.5285842995553365,0.48418253660202026,0.255931286966705,0.9825175539168708,0.9593341743229321,0.48659768602867953,fine,0.09782131619766271,0.048037140489153876
zh_0349,0.4824947928418744,0.6094364581379155,0.5794679258344517,0.5175051689147949,0.3905635476112366,0.4205320477485657,-0.12694166529604106,0.12694162130355835,0.5459656254898949,0.4205320477485657,0.22959604248759202,1.0173546158131155,0.8838139418023283,0.5422181901294607,fine,0.08066654635739742,0.045698765438316434
zh_0350,0.5388076303308529,0.6322534643231611,0.5119646247985926,0.4611923098564148,0.3677465319633484,0.48803532123565674,-0.09344583399230821,0.0934457778930664,0.5855305473270069,0.48803532123565674,0.28575958875802576,0.960408631436793,0.8576089268155256,0.4138911603061793,fine,0.08023890007992471,0.0462626447505609
zh_0351,0.8337349886534646,0.5489250433711371,0.59083680891473,0.16626489162445068,0.4510749578475952,0.4091631770133972,0.2848099452823275,-0.28481006622314453,0.6913300160123008,0.4091631770133972,0.2828667857163158,0.5766541621223861,0.9498157259477894,0.38008216692968133,cmp,0.03394969265688479,0.03221924643924956
zh_0352,0.6323081795262332,0.6066471796425534,0.5547603718425097,0.36769187450408936,0.3933528661727905,0.4452395439147949,0.025660999883679758,-0.025660991668701172,0.6194776795843933,0.4452395439147949,0.2758159595235507,0.8575451247296164,0.8869642837876239,0.41519862332567464,cmp,0.06858761667943683,0.047135310491466416
zh_0353,0.5446936080985647,0.6571684973073615,0.5130481055495332,0.45530641078948975,0.34283143281936646,0.4869518280029297,-0.11247488920879678,0.11247497797012329,0.6009310527029631,0.4869518280029297,0.29262447461743274,0.9542603333487523,0.8280477071916073,0.39382004726487435,fine,0.0749026751724577,0.04535555260282825
zh_0354,0.46612537073915317,0.44958148889018734,0.5134699380361407,0.5338746309280396,0.5504185557365417,0.486530065536499,0.016543881848965825,-0.016543924808502197,0.45785342981467025,0.486530065536499,0.22275945921384238,1.0333195336011483,1.049207806976114,0.5513570525090692,head,0.11779495376409155,0.04773885994878204
zh_0355,0.40669549377815184,0.4769526578681137,0.5251921407012903,0.5933045148849487,0.5230472683906555,0.4748077988624573,-0.07025716408996185,0.07025724649429321,0.44182407582313277,0.4748077988624573,0.2097815169260211,1.0893158460445238,1.0227877024406253,0.5758204987145403,head,0.11860982405263713,0.04684822972241619
zh_0356,0.5592673344603731,0.7074649987593777,0.4231041467577652,0.4407327175140381,0.2925349473953247,0.5768958330154419,-0.1481976642990046,0.14819777011871338,0.6333661666098754,0.5768958330154419,0.36538630229020125,0.9388638511942256,0.7648986877235735,0.21774687917616112,fine,0.0630891702854797,0.036753933465615174
zh_0357,0.4962286206501084,0.6949417868748999,0.49080009362298693,0.5037713646888733,0.30505818128585815,0.5091999173164368,-0.19871316622479152,0.19871318340301514,0.5955852037625042,0.5091999173164368,0.3032719365107603,1.0037642943937504,0.7810994983036416,0.3821613279778347,fine,0.07365571423728443,0.042399058022139655
zh_0358,0.45590792456910734,0.6304306672777867,0.5676068619154195,0.5440919995307922,0.3695693016052246,0.43239307403564453,-0.1745227427086794,0.17452269792556763,0.5431692959234471,0.43239307403564453,0.23486264158611597,1.0431606543873213,0.8597317403960534,0.5366276804877911,fine,0.07960307505519483,0.043934393634702626
zh_0359,0.7243667635045004,0.3762666129226878,0.4334667069569873,0.27563321590423584,0.6237333416938782,0.5665332674980164,0.34810015058181254,-0.34810012578964233,0.5503166882135941,0.5665332674980164,0.3117727115323346,0.742473213652182,1.1169005211542449,0.40135763329203156,cmp,0.07805277122105893,0.03632283526131491
zh_0360,0.32800330946204975,0.5055567772675578,0.40680680407894215,0.6719967126846313,0.4944431781768799,0.5931931734085083,-0.17755346780550801,0.17755353450775146,0.4167800433648038,0.5931931734085083,0.24723107653690365,1.159307285009415,0.9944276974546137,0.49724428399212556,fine,0.14211377391474458,0.04589780797254273
zh_0361,0.3299481623783591,0.570920023536594,0.337576769827509,0.6700518131256104,0.42907994985580444,0.6624231934547424,-0.24097186115823488,0.2409718632698059,0.45043409295747655,0.6624231934547424,0.29837799029778195,1.157628470297479,0.9263692314227687,0.4072287276998365,fine,0.1352996064848629,0.043601772045206114
zh_0362,0.44846517200806724,0.5411102695887559,0.554873337590316,0.5515347719192505,0.4588896632194519,0.44512665271759033,-0.09264509758068862,0.09264510869979858,0.49478772079841155,0.44512665271759033,0.22024320196476257,1.050271229723001,0.9580080692888175,0.5618323382682482,head,0.09873237044561974,0.04660201095780444
zh_0363,0.4683072028495789,0.5226097366142605,0.46535953972051197,0.5316927433013916,0.4773902893066406,0.5346404314041138,-0.05430253376468158,0.05430245399475098,0.49545846973191965,0.5346404314041138,0.26489213000029554,1.0312058932632426,0.9771287155597668,0.4708542716641945,fine,0.11379590993540621,0.04775156858561007
zh_0364,0.47627444429294963,0.5554570746941012,0.40057278905319915,0.5237255096435547,0.44454288482666016,0.5994272232055664,-0.07918263040115159,0.07918262481689453,0.5158657594935254,0.5994272232055664,0.3092239797600345,1.023450590607138,0.942913490523811,0.38220888486798704,fine,0.11295473625444304,0.04596009917979298
zh_0365,0.5053925270996754,0.2646392951809625,0.38216599441948085,0.49460750818252563,0.7353606820106506,0.6178339719772339,0.2407532319187129,-0.240753173828125,0.38501591114031897,0.6178339719772339,0.237875909654257,0.9945928542879486,1.212733033127273,0.5075000419660041,cmp,0.15128660347778206,0.04430875331639419
zh_0366,0.5401060597788802,0.7504085422292023,0.5438394087143676,0.45989394187927246,0.24959146976470947,0.4561605453491211,-0.21030248245032213,0.210302472114563,0.6452573010040412,0.4561605453491211,0.29434092231650544,0.9590557233248963,0.7065287789903508,0.37385571325118017,fine,0.05499111366660704,0.04047242170969441
zh_0367,0.6046082572261859,0.6859694152814114,0.6275345450914838,0.3953917622566223,0.31403064727783203,0.37246543169021606,-0.08136115805522548,0.08136111497879028,0.6452888362537987,0.37246543169021606,0.2403477849601483,0.8892600775631542,0.7925031037397753,0.4781284116559971,fine,0.054864020093959985,0.04687304277955239
zh_0368,0.5182773860261242,0.49029601480320556,0.7069178984694124,0.4817226529121399,0.5097038745880127,0.293082058429718,0.027981371222918605,-0.027981221675872803,0.5042867004146648,0.293082058429718,0.1477973841962605,0.9815524580722882,1.0096573529636619,0.7046641678705942,head,0.0690787120636376,0.04186684250716272
zh_0369,0.6897131505638526,0.6346439526017162,0.555153332134326,0.31028687953948975,0.3653559684753418,0.4448466897010803,0.055069197962136385,-0.05506908893585205,0.6621785515827845,0.4448466897010803,0.29456793666265774,0.7877650023149645,0.8548169949156181,0.34273533236333903,cmp,0.05611966379457322,0.0446991689743288
zh_0370,0.46638774096907654,0.6871688061541865,0.5344671350266041,0.5336122512817383,0.3128311038017273,0.4655328392982483,-0.22078106518510998,0.220781147480011,0.5767782735616316,0.4655328392982483,0.26850922733668814,1.0330655923327652,0.7909882348629639,0.46614939374639336,fine,0.07243337866796537,0.04208107576299201
zh_0371,0.6650976077734883,0.7095440402326315,0.5778540412250495,0.3349023461341858,0.2904559373855591,0.4221459627151489,-0.04444643245914326,0.04444640874862671,0.6873208240030599,0.4221459627151489,0.2901497109429412,0.8184160216253246,0.762175779944979,0.3257773782934129,fine,0.04842113616559598,0.04412892940908703
zh_0372,0.48192497413569135,0.7774911506821157,0.49798111496743086,0.5180749893188477,0.2225087285041809,0.5020188689231873,-0.29556617654642436,0.29556626081466675,0.6297080624089035,0.5020188689231873,0.31612532924232956,1.0179145601319477,0.6670964687627782,0.3513231291434607,fine,0.05523420062002518,0.035772028354991194
zh_0373,0.3947214949763894,0.5907313703630657,0.4943827016688263,0.605278491973877,0.4092686176300049,0.5056173205375671,-0.19600987538667625,0.19600987434387207,0.49272643266972754,0.5056173205375671,0.24913101864450163,1.100253157253921,0.9047304898553317,0.5112649993725478,fine,0.10248802718247631,0.04434983420051285
zh_0374,0.5871612150483004,0.5488776398173725,0.6431203502732549,0.41283875703811646,0.45112234354019165,0.3568795919418335,0.03828357523092796,-0.038283586502075195,0.5680194274328365,0.3568795919418335,0.2027145414772646,0.9086680196328021,0.9498656327951099,0.5875033458782638,head,0.06979379153942551,0.046827265623253504
zh_0375,0.8224914337544867,0.5336287545393341,0.49074087503770897,0.17750847339630127,0.46637117862701416,0.509259045124054,0.28886267921515263,-0.2888627052307129,0.6780600941469104,0.509259045124054,0.3453082360819817,0.5958331414842808,0.9657859446695899,0.23394095856124159,cmp,0.04131172371429595,0.03106778014430981
zh_0376,0.423262365131846,0.6727330562501924,0.4764863694058149,0.576737642288208,0.32726699113845825,0.5235135555267334,-0.2494706911183464,0.24947065114974976,0.5479977106910192,0.5235135555267334,0.2868842299443657,1.0739996600261603,0.8090326862986535,0.4378991650963615,fine,0.0848003537337857,0.04161351130821757
zh_0377,0.651585366645915,0.5611232290274518,0.42740162777924395,0.3484145402908325,0.438876748085022,0.5725983381271362,0.09046213761846322,-0.09046220779418945,0.6063542978366834,0.5725983381271362,0.3471974632575315,0.8347630003229481,0.9368850206642737,0.2745165061881061,cmp,0.07637692397428067,0.04130045551744128
zh_0378,0.5494880273274498,0.4347249383676792,0.44482485312083175,0.45051199197769165,0.5652750730514526,0.5551751255989075,0.11476308895977061,-0.11476308107376099,0.49210648284756453,0.5551751255989075,0.27320527842293324,0.9492228112224759,1.0632733060058652,0.45637522992167734,cmp,0.11551474868068343,0.046806478938248505
zh_0379,0.8339017082624196,0.6861364752412558,0.7349600551031408,0.1660982370376587,0.31386345624923706,0.26503992080688477,0.14776523302116384,-0.14776521921157837,0.7600190917518377,0.26503992080688477,0.20143539988962755,0.5763649741918397,0.7922922753110037,0.470649510591593,cmp,0.022010683994081657,0.039656931884271426
zh_0380,0.6400697575093326,0.5172677716719578,0.4414065305401858,0.359930157661438,0.48273223638534546,0.5585933923721313,0.12280198583737478,-0.12280207872390747,0.5786687645906452,0.5585933923721313,0.3232405482724788,0.8484459234278483,0.982580508994598,0.34074660086796377,cmp,0.08595072547943347,0.04377384630782996
zh_0381,0.422342746885235,0.45454501223490795,0.5434287086978199,0.5776572227478027,0.5454549193382263,0.45657122135162354,-0.032202265349672965,0.032202303409576416,0.43844387956007147,0.45657122135162354,0.20018085758488596,1.0748555745910842,1.044466359214209,0.5937208029587236,head,0.11683260490735789,0.046819198113420786
zh_0382,0.6302300729483898,0.5410666520786147,0.4462136801604909,0.3697698712348938,0.45893335342407227,0.5537862777709961,0.08916342086977513,-0.08916348218917847,0.5856483625135023,0.5537862777709961,0.3243240267590314,0.8599650307444021,0.958053597583543,0.333680576776065,cmp,0.0842384683849596,0.044074437403779344
zh_0383,0.9718936768463232,0.640719900287871,0.6647240546219251,0.028106272220611572,0.3592801094055176,0.33527588844299316,0.33117377655845226,-0.331173837184906,0.8063067885670971,0.33527588844299316,0.2703352248944501,0.2370920629362241,0.847679302227121,0.2592844418260898,cmp,0.0025366148410148576,0.004857175180312083
zh_0384,0.45527636925848103,0.49830489153049407,0.5367768211036844,0.5447235703468323,0.5016950368881226,0.4632231593132019,-0.04302852227201304,0.04302853345870972,0.47679063039448755,0.4632231593132019,0.22086046214226768,1.043765903583288,1.0016936742033518,0.557796997513207,head,0.1081913434943154,0.0474727847671304
zh_0385,0.26922032826261677,0.5805791962572838,0.34342836770824636,0.7307796478271484,0.4194207191467285,0.656571626663208,-0.31135886799466705,0.3113589286804199,0.4248997622599503,0.656571626663208,0.2789771280758259,1.2089496860807596,0.9158829660417496,0.44581257996136125,fine,0.1364763450843094,0.04180716160971902
zh_0386,0.44610060772892257,0.7021808493886019,0.44978919999834377,0.553899347782135,0.29781901836395264,0.5502108335494995,-0.25608024165967935,0.2560803294181824,0.5741407285587623,0.5502108335494995,0.31589844883503354,1.0525202062393655,0.7717760693509464,0.3711732923958885,fine,0.0791531342299276,0.04027318280973818
zh_0387,0.7266602489331566,0.5474376102239257,0.6027046119635501,0.27333974838256836,0.4525623321533203,0.39729535579681396,0.17922263870923094,-0.17922258377075195,0.6370489295785411,0.39729535579681396,0.253096581136886,0.7393777803894882,0.9513804599381614,0.4671494709983882,cmp,0.05385343613320067,0.04268754823439153
zh_0388,0.5658225481776488,0.5512340992247414,0.4941405282247766,0.4341773986816406,0.4487658739089966,0.5058594346046448,0.01458844895290734,-0.014588475227355957,0.5585283237011951,0.5058594346046448,0.28253682203816655,0.9318556238198612,0.9473815501425585,0.427134267456246,cmp,0.09148047811663305,0.04742936573505977
zh_0389,0.7075666483801473,0.5994217379616168,0.5644891253915033,0.2924332618713379,0.40057820081710815,0.43551087379455566,0.10814491041853047,-0.10814493894577026,0.653494193170882,0.43551087379455566,0.28460382708751897,0.7647657832563544,0.8950734741219665,0.376176225335044,cmp,0.05685425359312391,0.04464189725630603
zh_0390,0.6601660424934747,0.6609188128951691,0.5576922322137983,0.33983391523361206,0.33908116817474365,0.442307710647583,-0.0007527704016944137,0.0007527470588684082,0.6605424276943219,0.442307710647583,0.29216300897907216,0.8244197444342596,0.8235061470381765,0.3485082401624421,fine,0.056953967865805505,0.045304375623424084
zh_0391,0.419141626435536,0.48377051905263424,0.5459330932808042,0.5808583498001099,0.5162294507026672,0.4540668725967407,-0.06462889261709825,0.06462889909744263,0.4514560727440851,0.4540668725967407,0.2049912470657134,1.0778296466181136,1.01609987791296,0.5871358475134889,head,0.11221621538000891,0.046638589382744344
zh_0392,0.4776072289413465,0.46514081308445443,0.45000851595406494,0.522392749786377,0.5348591804504395,0.5499914884567261,0.012466415856892066,-0.0124664306640625,0.4713740210129005,0.5499914884567261,0.2592516994367172,1.022147514851602,1.034271905173437,0.4798248302391465,cmp,0.12411969785194883,0.04804823041358065
zh_0393,0.58572760970817,0.8629563222520023,0.5863281144125954,0.4142724275588989,0.13704359531402588,0.4136718511581421,-0.2772287125438323,0.27722883224487305,0.724341965980086,0.4136718511581421,0.29963988193851016,0.9102443521295037,0.5235335285308811,0.28883869049959343,fine,0.02797456365632488,0.030041361339626028
zh_0394,0.4895640006841456,0.5914293150701784,0.5988054914351174,0.510435938835144,0.40857064723968506,0.4011944532394409,-0.1018653143860328,0.10186529159545898,0.540496657877162,0.4011944532394409,0.21684426113477315,1.0103821052610291,0.9039587213250636,0.5669411927341789,head,0.08021035762006097,0.046020391829030165
zh_0395,0.540860412324504,0.5517796882388387,0.5721067574443648,0.4591395854949951,0.44822025299072266,0.42789316177368164,-0.010919275914334725,0.010919332504272461,0.5463200502816714,0.42789316177368164,0.23376661365538112,0.9582688429407445,0.946805483466548,0.5284577587444628,head,0.08556475194488192,0.04799188084798086
zh_0396,0.6322895221561529,0.6770144293606108,0.6574442896152224,0.3677104711532593,0.32298552989959717,0.3425556421279907,-0.044724907204457987,0.04472494125366211,0.6546519757583819,0.3425556421279907,0.22425472792627033,0.8575668811746956,0.8037232989523063,0.5051028141328143,fine,0.050923452594743034,0.047698599947734614
zh_0397,0.5826671130578893,0.5031659246690187,0.6178749449762038,0.41733288764953613,0.49683403968811035,0.38212502002716064,0.07950118838887066,-0.07950115203857422,0.5429165188634539,0.38212502002716064,0.20746198564377366,0.9136004454268949,0.9968290478622517,0.5842098217110726,head,0.07759989644861368,0.04618016660194465
zh_0398,0.4254434884477344,0.6669895784320437,0.4828864706818543,0.5745565295219421,0.3330104351043701,0.5171135067939758,-0.24154608998430926,0.24154609441757202,0.546216533439889,0.5171135067939758,0.28245594707594995,1.071966894593546,0.8161010005727924,0.4463175141720152,fine,0.08525518266532718,0.04200353544716427
zh_0399,0.4785996158315057,0.6659650382129263,0.5053881010175061,0.5214003920555115,0.33403491973876953,0.494611918926239,-0.18736542238142062,0.18736547231674194,0.5722823270222159,0.494611918926239,0.28305765993603166,1.0211761690996255,0.8173554450630077,0.43229789383454786,fine,0.0798712085433306,0.043822013790564024
zh_0400,0.6373672816164667,0.4653595023666607,0.5286590395252913,0.36263275146484375,0.5346405506134033,0.4713408946990967,0.17200777924980604,-0.17200779914855957,0.5513633919915637,0.4713408946990967,0.2598801144856324,0.8516251738688015,1.0340604408189484,0.48366661965649177,cmp,0.08376285117844375,0.04471872065088956
